path,owner,coverage
apps/mobile/src/app/(sheets)/account-required.tsx,apps/mobile/foundation,Inventory and static-check scope; not per-file runtime acceptance
apps/mobile/src/app/(sheets)/add-money.tsx,apps/mobile/foundation,Inventory and static-check scope; not per-file runtime acceptance
apps/mobile/src/app/(sheets)/balance-details.tsx,apps/mobile/foundation,Inventory and static-check scope; not per-file runtime acceptance
apps/mobile/src/app/(sheets)/card-payment.tsx,apps/mobile/foundation,Inventory and static-check scope; not per-file runtime acceptance
apps/mobile/src/app/(sheets)/card-reveal.tsx,apps/mobile/foundation,Inventory and static-check scope; not per-file runtime acceptance
apps/mobile/src/app/(sheets)/compose-thesis.tsx,apps/mobile/foundation,Inventory and static-check scope; not per-file runtime acceptance
apps/mobile/src/app/(sheets)/eligibility.tsx,apps/mobile/foundation,Inventory and static-check scope; not per-file runtime acceptance
apps/mobile/src/app/(sheets)/leaderboard-info.tsx,apps/mobile/foundation,Inventory and static-check scope; not per-file runtime acceptance
apps/mobile/src/app/(sheets)/network.tsx,apps/mobile/foundation,Inventory and static-check scope; not per-file runtime acceptance
apps/mobile/src/app/(sheets)/receipt.tsx,apps/mobile/foundation,Inventory and static-check scope; not per-file runtime acceptance
apps/mobile/src/app/(sheets)/receive.tsx,apps/mobile/foundation,Inventory and static-check scope; not per-file runtime acceptance
apps/mobile/src/app/(sheets)/risk-explainer.tsx,apps/mobile/foundation,Inventory and static-check scope; not per-file runtime acceptance
apps/mobile/src/app/(sheets)/session.tsx,apps/mobile/foundation,Inventory and static-check scope; not per-file runtime acceptance
apps/mobile/src/app/(sheets)/social-actions.tsx,apps/mobile/foundation,Inventory and static-check scope; not per-file runtime acceptance
apps/mobile/src/app/(sheets)/step-up.tsx,apps/mobile/foundation,Inventory and static-check scope; not per-file runtime acceptance
apps/mobile/src/app/(sheets)/terms.tsx,apps/mobile/foundation,Inventory and static-check scope; not per-file runtime acceptance
apps/mobile/src/app/(sheets)/voucher.tsx,apps/mobile/foundation,Inventory and static-check scope; not per-file runtime acceptance
apps/mobile/src/app/(tabs)/_layout.tsx,apps/mobile/foundation,Inventory and static-check scope; not per-file runtime acceptance
apps/mobile/src/app/(tabs)/card/_layout.tsx,apps/mobile/foundation,Inventory and static-check scope; not per-file runtime acceptance
apps/mobile/src/app/(tabs)/card/allowance.tsx,apps/mobile/foundation,Inventory and static-check scope; not per-file runtime acceptance
apps/mobile/src/app/(tabs)/card/auth/[id].tsx,apps/mobile/foundation,Inventory and static-check scope; not per-file runtime acceptance
apps/mobile/src/app/(tabs)/card/get.tsx,apps/mobile/foundation,Inventory and static-check scope; not per-file runtime acceptance
apps/mobile/src/app/(tabs)/card/index.tsx,apps/mobile/foundation,Inventory and static-check scope; not per-file runtime acceptance
apps/mobile/src/app/(tabs)/card/intro.tsx,apps/mobile/foundation,Inventory and static-check scope; not per-file runtime acceptance
apps/mobile/src/app/(tabs)/card/repay.tsx,apps/mobile/foundation,Inventory and static-check scope; not per-file runtime acceptance
apps/mobile/src/app/(tabs)/card/wallet.tsx,apps/mobile/foundation,Inventory and static-check scope; not per-file runtime acceptance
apps/mobile/src/app/(tabs)/home/_layout.tsx,apps/mobile/foundation,Inventory and static-check scope; not per-file runtime acceptance
apps/mobile/src/app/(tabs)/home/index.tsx,apps/mobile/foundation,Inventory and static-check scope; not per-file runtime acceptance
apps/mobile/src/app/(tabs)/markets/[market]/alert.tsx,apps/mobile/foundation,Inventory and static-check scope; not per-file runtime acceptance
apps/mobile/src/app/(tabs)/markets/[market]/index.tsx,apps/mobile/foundation,Inventory and static-check scope; not per-file runtime acceptance
apps/mobile/src/app/(tabs)/markets/[market]/ticket.tsx,apps/mobile/foundation,Inventory and static-check scope; not per-file runtime acceptance
apps/mobile/src/app/(tabs)/markets/_layout.tsx,apps/mobile/foundation,Inventory and static-check scope; not per-file runtime acceptance
apps/mobile/src/app/(tabs)/markets/discover/[id].tsx,apps/mobile/foundation,Inventory and static-check scope; not per-file runtime acceptance
apps/mobile/src/app/(tabs)/markets/index.tsx,apps/mobile/foundation,Inventory and static-check scope; not per-file runtime acceptance
apps/mobile/src/app/(tabs)/markets/predict/[provider]/[id].tsx,apps/mobile/foundation,Inventory and static-check scope; not per-file runtime acceptance
apps/mobile/src/app/(tabs)/markets/search.tsx,apps/mobile/foundation,Inventory and static-check scope; not per-file runtime acceptance
apps/mobile/src/app/(tabs)/markets/tokens/[token]/index.tsx,apps/mobile/foundation,Inventory and static-check scope; not per-file runtime acceptance
apps/mobile/src/app/(tabs)/markets/tokens/[token]/trade.tsx,apps/mobile/foundation,Inventory and static-check scope; not per-file runtime acceptance
apps/mobile/src/app/(tabs)/social/_layout.tsx,apps/mobile/foundation,Inventory and static-check scope; not per-file runtime acceptance
apps/mobile/src/app/(tabs)/social/index.tsx,apps/mobile/foundation,Inventory and static-check scope; not per-file runtime acceptance
apps/mobile/src/app/(tabs)/social/people.tsx,apps/mobile/foundation,Inventory and static-check scope; not per-file runtime acceptance
apps/mobile/src/app/(tabs)/social/post/[id].tsx,apps/mobile/foundation,Inventory and static-check scope; not per-file runtime acceptance
apps/mobile/src/app/(tabs)/social/search.tsx,apps/mobile/foundation,Inventory and static-check scope; not per-file runtime acceptance
apps/mobile/src/app/(tabs)/you/_layout.tsx,apps/mobile/foundation,Inventory and static-check scope; not per-file runtime acceptance
apps/mobile/src/app/(tabs)/you/index.tsx,apps/mobile/foundation,Inventory and static-check scope; not per-file runtime acceptance
apps/mobile/src/app/+native-intent.tsx,apps/mobile/foundation,Inventory and static-check scope; not per-file runtime acceptance
apps/mobile/src/app/+not-found.tsx,apps/mobile/foundation,Inventory and static-check scope; not per-file runtime acceptance
apps/mobile/src/app/_layout.tsx,apps/mobile/foundation,Inventory and static-check scope; not per-file runtime acceptance
apps/mobile/src/app/account/blocked.tsx,apps/mobile/foundation,Inventory and static-check scope; not per-file runtime acceptance
apps/mobile/src/app/account/delete-data.tsx,apps/mobile/foundation,Inventory and static-check scope; not per-file runtime acceptance
apps/mobile/src/app/account/diagnostics.tsx,apps/mobile/foundation,Inventory and static-check scope; not per-file runtime acceptance
apps/mobile/src/app/account/follows.tsx,apps/mobile/foundation,Inventory and static-check scope; not per-file runtime acceptance
apps/mobile/src/app/account/help.tsx,apps/mobile/foundation,Inventory and static-check scope; not per-file runtime acceptance
apps/mobile/src/app/account/identity.tsx,apps/mobile/foundation,Inventory and static-check scope; not per-file runtime acceptance
apps/mobile/src/app/account/index.tsx,apps/mobile/foundation,Inventory and static-check scope; not per-file runtime acceptance
apps/mobile/src/app/account/mode.tsx,apps/mobile/foundation,Inventory and static-check scope; not per-file runtime acceptance
apps/mobile/src/app/account/notifications.tsx,apps/mobile/foundation,Inventory and static-check scope; not per-file runtime acceptance
apps/mobile/src/app/account/preferences.tsx,apps/mobile/foundation,Inventory and static-check scope; not per-file runtime acceptance
apps/mobile/src/app/account/privacy.tsx,apps/mobile/foundation,Inventory and static-check scope; not per-file runtime acceptance
apps/mobile/src/app/account/profile.tsx,apps/mobile/foundation,Inventory and static-check scope; not per-file runtime acceptance
apps/mobile/src/app/account/recovery.tsx,apps/mobile/foundation,Inventory and static-check scope; not per-file runtime acceptance
apps/mobile/src/app/account/security.tsx,apps/mobile/foundation,Inventory and static-check scope; not per-file runtime acceptance
apps/mobile/src/app/account/settings.tsx,apps/mobile/foundation,Inventory and static-check scope; not per-file runtime acceptance
apps/mobile/src/app/account/sounds.tsx,apps/mobile/foundation,Inventory and static-check scope; not per-file runtime acceptance
apps/mobile/src/app/account/terms.tsx,apps/mobile/foundation,Inventory and static-check scope; not per-file runtime acceptance
apps/mobile/src/app/activity.tsx,apps/mobile/foundation,Inventory and static-check scope; not per-file runtime acceptance
apps/mobile/src/app/alerts.tsx,apps/mobile/foundation,Inventory and static-check scope; not per-file runtime acceptance
apps/mobile/src/app/asset/[chainId]/[address].tsx,apps/mobile/foundation,Inventory and static-check scope; not per-file runtime acceptance
apps/mobile/src/app/fund/bridge.tsx,apps/mobile/foundation,Inventory and static-check scope; not per-file runtime acceptance
apps/mobile/src/app/fund/deposit/[id].tsx,apps/mobile/foundation,Inventory and static-check scope; not per-file runtime acceptance
apps/mobile/src/app/fund/index.tsx,apps/mobile/foundation,Inventory and static-check scope; not per-file runtime acceptance
apps/mobile/src/app/fund/qr/[family].tsx,apps/mobile/foundation,Inventory and static-check scope; not per-file runtime acceptance
apps/mobile/src/app/fund/swap.tsx,apps/mobile/foundation,Inventory and static-check scope; not per-file runtime acceptance
apps/mobile/src/app/fund/wallet.tsx,apps/mobile/foundation,Inventory and static-check scope; not per-file runtime acceptance
apps/mobile/src/app/index.tsx,apps/mobile/foundation,Inventory and static-check scope; not per-file runtime acceptance
apps/mobile/src/app/lp.tsx,apps/mobile/foundation,Inventory and static-check scope; not per-file runtime acceptance
apps/mobile/src/app/notifications.tsx,apps/mobile/foundation,Inventory and static-check scope; not per-file runtime acceptance
apps/mobile/src/app/orders.tsx,apps/mobile/foundation,Inventory and static-check scope; not per-file runtime acceptance
apps/mobile/src/app/perpl/withdraw.tsx,apps/mobile/foundation,Inventory and static-check scope; not per-file runtime acceptance
apps/mobile/src/app/positions/[id].tsx,apps/mobile/foundation,Inventory and static-check scope; not per-file runtime acceptance
apps/mobile/src/app/setup/_layout.tsx,apps/mobile/foundation,Inventory and static-check scope; not per-file runtime acceptance
apps/mobile/src/app/setup/done.tsx,apps/mobile/foundation,Inventory and static-check scope; not per-file runtime acceptance
apps/mobile/src/app/setup/face-id.tsx,apps/mobile/foundation,Inventory and static-check scope; not per-file runtime acceptance
apps/mobile/src/app/setup/follow.tsx,apps/mobile/foundation,Inventory and static-check scope; not per-file runtime acceptance
apps/mobile/src/app/setup/handle.tsx,apps/mobile/foundation,Inventory and static-check scope; not per-file runtime acceptance
apps/mobile/src/app/setup/money.tsx,apps/mobile/foundation,Inventory and static-check scope; not per-file runtime acceptance
apps/mobile/src/app/setup/notifications.tsx,apps/mobile/foundation,Inventory and static-check scope; not per-file runtime acceptance
apps/mobile/src/app/status.tsx,apps/mobile/foundation,Inventory and static-check scope; not per-file runtime acceptance
apps/mobile/src/app/watch/[address]/[list].tsx,apps/mobile/foundation,Inventory and static-check scope; not per-file runtime acceptance
apps/mobile/src/app/watch/[address]/index.tsx,apps/mobile/foundation,Inventory and static-check scope; not per-file runtime acceptance
apps/mobile/src/app/watch/[address]/post/[id].tsx,apps/mobile/foundation,Inventory and static-check scope; not per-file runtime acceptance
apps/mobile/src/app/welcome.tsx,apps/mobile/foundation,Inventory and static-check scope; not per-file runtime acceptance
apps/mobile/src/app/withdraw/cash-out.tsx,apps/mobile/foundation,Inventory and static-check scope; not per-file runtime acceptance
apps/mobile/src/app/withdraw/index.tsx,apps/mobile/foundation,Inventory and static-check scope; not per-file runtime acceptance
apps/mobile/src/app/withdraw/send.tsx,apps/mobile/foundation,Inventory and static-check scope; not per-file runtime acceptance
apps/mobile/src/components/charts/CandleChart.tsx,apps/mobile/components/charts,Inventory and static-check scope; not per-file runtime acceptance
apps/mobile/src/components/charts/EquityChart.tsx,apps/mobile/components/charts,Inventory and static-check scope; not per-file runtime acceptance
apps/mobile/src/components/charts/HistoryChart.tsx,apps/mobile/components/charts,Inventory and static-check scope; not per-file runtime acceptance
apps/mobile/src/components/charts/Sparkline.tsx,apps/mobile/components/charts,Inventory and static-check scope; not per-file runtime acceptance
apps/mobile/src/components/charts/constants.ts,apps/mobile/components/charts,Inventory and static-check scope; not per-file runtime acceptance
apps/mobile/src/components/identity/Avatar.tsx,apps/mobile/components/identity,Inventory and static-check scope; not per-file runtime acceptance
apps/mobile/src/components/identity/EntityMark.tsx,apps/mobile/components/identity,Inventory and static-check scope; not per-file runtime acceptance
apps/mobile/src/components/identity/MarkCluster.tsx,apps/mobile/components/identity,Inventory and static-check scope; not per-file runtime acceptance
apps/mobile/src/components/identity/MarkedLine.tsx,apps/mobile/components/identity,Inventory and static-check scope; not per-file runtime acceptance
apps/mobile/src/components/identity/PasskeyGlyph.tsx,apps/mobile/components/identity,Inventory and static-check scope; not per-file runtime acceptance
apps/mobile/src/components/identity/RouteAsset.tsx,apps/mobile/components/identity,Inventory and static-check scope; not per-file runtime acceptance
apps/mobile/src/components/identity/VenueChip.tsx,apps/mobile/components/identity,Inventory and static-check scope; not per-file runtime acceptance
apps/mobile/src/components/kit/AmountHero.tsx,apps/mobile/components/kit,Inventory and static-check scope; not per-file runtime acceptance
apps/mobile/src/components/kit/Button.tsx,apps/mobile/components/kit,Inventory and static-check scope; not per-file runtime acceptance
apps/mobile/src/components/kit/ChipRow.tsx,apps/mobile/components/kit,Inventory and static-check scope; not per-file runtime acceptance
apps/mobile/src/components/kit/GlassPlate.tsx,apps/mobile/components/kit,Inventory and static-check scope; not per-file runtime acceptance
apps/mobile/src/components/kit/Icon.tsx,apps/mobile/components/kit,Inventory and static-check scope; not per-file runtime acceptance
apps/mobile/src/components/kit/ListRow.tsx,apps/mobile/components/kit,Inventory and static-check scope; not per-file runtime acceptance
apps/mobile/src/components/kit/PeriodChips.tsx,apps/mobile/components/kit,Inventory and static-check scope; not per-file runtime acceptance
apps/mobile/src/components/kit/PullRefresh.tsx,apps/mobile/components/kit,Inventory and static-check scope; not per-file runtime acceptance
apps/mobile/src/components/kit/QrCode.tsx,apps/mobile/components/kit,Inventory and static-check scope; not per-file runtime acceptance
apps/mobile/src/components/kit/Screen.tsx,apps/mobile/components/kit,Inventory and static-check scope; not per-file runtime acceptance
apps/mobile/src/components/kit/Segmented.tsx,apps/mobile/components/kit,Inventory and static-check scope; not per-file runtime acceptance
apps/mobile/src/components/kit/Surface.tsx,apps/mobile/components/kit,Inventory and static-check scope; not per-file runtime acceptance
apps/mobile/src/components/kit/UnderlineTabs.tsx,apps/mobile/components/kit,Inventory and static-check scope; not per-file runtime acceptance
apps/mobile/src/components/kit/icons.ts,apps/mobile/components/kit,Inventory and static-check scope; not per-file runtime acceptance
apps/mobile/src/components/kit/states.tsx,apps/mobile/components/kit,Inventory and static-check scope; not per-file runtime acceptance
apps/mobile/src/components/kit/symbol-codepoints.ts,apps/mobile/components/kit,Inventory and static-check scope; not per-file runtime acceptance
apps/mobile/src/components/kit/symbols.tsx,apps/mobile/components/kit,Inventory and static-check scope; not per-file runtime acceptance
apps/mobile/src/components/kit/usePressScale.ts,apps/mobile/components/kit,Inventory and static-check scope; not per-file runtime acceptance
apps/mobile/src/components/sheet/ChildSheet.tsx,apps/mobile/components/sheet,Inventory and static-check scope; not per-file runtime acceptance
apps/mobile/src/components/sheet/Sheet.tsx,apps/mobile/components/sheet,Inventory and static-check scope; not per-file runtime acceptance
apps/mobile/src/components/sheet/SheetRoute.tsx,apps/mobile/components/sheet,Inventory and static-check scope; not per-file runtime acceptance
apps/mobile/src/components/sheet/SheetRow.tsx,apps/mobile/components/sheet,Inventory and static-check scope; not per-file runtime acceptance
apps/mobile/src/components/sheet/TransactionSheet.tsx,apps/mobile/components/sheet,Inventory and static-check scope; not per-file runtime acceptance
apps/mobile/src/components/sheet/constants.ts,apps/mobile/components/sheet,Inventory and static-check scope; not per-file runtime acceptance
apps/mobile/src/components/shell/ActionFan.tsx,apps/mobile/components/shell,Inventory and static-check scope; not per-file runtime acceptance
apps/mobile/src/components/shell/CollapsingScreen.tsx,apps/mobile/components/shell,Inventory and static-check scope; not per-file runtime acceptance
apps/mobile/src/components/shell/DeferredLinkHost.tsx,apps/mobile/components/shell,Inventory and static-check scope; not per-file runtime acceptance
apps/mobile/src/components/shell/Dock.tsx,apps/mobile/components/shell,Inventory and static-check scope; not per-file runtime acceptance
apps/mobile/src/components/shell/FeedbackHost.tsx,apps/mobile/components/shell,Inventory and static-check scope; not per-file runtime acceptance
apps/mobile/src/components/shell/ModeCapsule.tsx,apps/mobile/components/shell,Inventory and static-check scope; not per-file runtime acceptance
apps/mobile/src/components/shell/OfflineBanner.tsx,apps/mobile/components/shell,Inventory and static-check scope; not per-file runtime acceptance
apps/mobile/src/components/shell/ShellScreen.tsx,apps/mobile/components/shell,Inventory and static-check scope; not per-file runtime acceptance
apps/mobile/src/components/shell/TabStack.tsx,apps/mobile/components/shell,Inventory and static-check scope; not per-file runtime acceptance
apps/mobile/src/components/shell/TabTitle.tsx,apps/mobile/components/shell,Inventory and static-check scope; not per-file runtime acceptance
apps/mobile/src/components/shell/TxRecoveryHost.tsx,apps/mobile/components/shell,Inventory and static-check scope; not per-file runtime acceptance
apps/mobile/src/components/shell/Utilities.tsx,apps/mobile/components/shell,Inventory and static-check scope; not per-file runtime acceptance
apps/mobile/src/components/shell/constants.ts,apps/mobile/components/shell,Inventory and static-check scope; not per-file runtime acceptance
apps/mobile/src/components/shell/dock-context.tsx,apps/mobile/components/shell,Inventory and static-check scope; not per-file runtime acceptance
apps/mobile/src/components/shell/useBackOverSheet.tsx,apps/mobile/components/shell,Inventory and static-check scope; not per-file runtime acceptance
apps/mobile/src/components/shell/useFanActions.ts,apps/mobile/components/shell,Inventory and static-check scope; not per-file runtime acceptance
apps/mobile/src/components/shell/useReduceTransparency.ts,apps/mobile/components/shell,Inventory and static-check scope; not per-file runtime acceptance
apps/mobile/src/components/toast/ToastHost.tsx,apps/mobile/components/toast,Inventory and static-check scope; not per-file runtime acceptance
apps/mobile/src/components/trade/ExecutionTrace.tsx,apps/mobile/components/trade,Inventory and static-check scope; not per-file runtime acceptance
apps/mobile/src/components/trade/HoldToConfirm.tsx,apps/mobile/components/trade,Inventory and static-check scope; not per-file runtime acceptance
apps/mobile/src/components/trade/Keypad.tsx,apps/mobile/components/trade,Inventory and static-check scope; not per-file runtime acceptance
apps/mobile/src/components/trade/LeverageRuler.tsx,apps/mobile/components/trade,Inventory and static-check scope; not per-file runtime acceptance
apps/mobile/src/components/trade/MarginGauge.tsx,apps/mobile/components/trade,Inventory and static-check scope; not per-file runtime acceptance
apps/mobile/src/components/trade/OperationSummary.tsx,apps/mobile/components/trade,Inventory and static-check scope; not per-file runtime acceptance
apps/mobile/src/components/trade/Preset.tsx,apps/mobile/components/trade,Inventory and static-check scope; not per-file runtime acceptance
apps/mobile/src/components/trade/SlideToConfirm.tsx,apps/mobile/components/trade,Inventory and static-check scope; not per-file runtime acceptance
apps/mobile/src/features/activity/FeedRow.tsx,apps/mobile/features/activity,Inventory and static-check scope; not per-file runtime acceptance
apps/mobile/src/features/activity/Receipt.tsx,apps/mobile/features/activity,Inventory and static-check scope; not per-file runtime acceptance
apps/mobile/src/features/activity/ReceiptSaveButton.tsx,apps/mobile/features/activity,Inventory and static-check scope; not per-file runtime acceptance
apps/mobile/src/features/activity/feed-format.ts,apps/mobile/features/activity,Inventory and static-check scope; not per-file runtime acceptance
apps/mobile/src/features/activity/receipt-export.ts,apps/mobile/features/activity,Inventory and static-check scope; not per-file runtime acceptance
apps/mobile/src/features/activity/receipt-facts.ts,apps/mobile/features/activity,Inventory and static-check scope; not per-file runtime acceptance
apps/mobile/src/features/activity/useFeed.ts,apps/mobile/features/activity,Inventory and static-check scope; not per-file runtime acceptance
apps/mobile/src/features/activity/useIndexedReceipt.ts,apps/mobile/features/activity,Inventory and static-check scope; not per-file runtime acceptance
apps/mobile/src/features/asset/AssetDetail.tsx,apps/mobile/features/asset,Inventory and static-check scope; not per-file runtime acceptance
apps/mobile/src/features/asset/AssetSections.tsx,apps/mobile/features/asset,Inventory and static-check scope; not per-file runtime acceptance
apps/mobile/src/features/asset/journal-title.ts,apps/mobile/features/asset,Inventory and static-check scope; not per-file runtime acceptance
apps/mobile/src/features/asset/useAsset.ts,apps/mobile/features/asset,Inventory and static-check scope; not per-file runtime acceptance
apps/mobile/src/features/auth/AccountStrip.tsx,apps/mobile/features/auth,Inventory and static-check scope; not per-file runtime acceptance
apps/mobile/src/features/auth/AuthCard.tsx,apps/mobile/features/auth,Inventory and static-check scope; not per-file runtime acceptance
apps/mobile/src/features/auth/AuthFailure.tsx,apps/mobile/features/auth,Inventory and static-check scope; not per-file runtime acceptance
apps/mobile/src/features/auth/AuthFlowSheet.tsx,apps/mobile/features/auth,Inventory and static-check scope; not per-file runtime acceptance
apps/mobile/src/features/auth/CeremonyCard.tsx,apps/mobile/features/auth,Inventory and static-check scope; not per-file runtime acceptance
apps/mobile/src/features/auth/DiagnosticsPanel.tsx,apps/mobile/features/auth,Inventory and static-check scope; not per-file runtime acceptance
apps/mobile/src/features/auth/IdentityPanel.tsx,apps/mobile/features/auth,Inventory and static-check scope; not per-file runtime acceptance
apps/mobile/src/features/auth/MainnetStartCard.tsx,apps/mobile/features/auth,Inventory and static-check scope; not per-file runtime acceptance
apps/mobile/src/features/auth/PhraseGrid.tsx,apps/mobile/features/auth,Inventory and static-check scope; not per-file runtime acceptance
apps/mobile/src/features/auth/PrivacyPlate.tsx,apps/mobile/features/auth,Inventory and static-check scope; not per-file runtime acceptance
apps/mobile/src/features/auth/SessionPanel.tsx,apps/mobile/features/auth,Inventory and static-check scope; not per-file runtime acceptance
apps/mobile/src/features/auth/SignInOutcome.tsx,apps/mobile/features/auth,Inventory and static-check scope; not per-file runtime acceptance
apps/mobile/src/features/auth/StarterCard.tsx,apps/mobile/features/auth,Inventory and static-check scope; not per-file runtime acceptance
apps/mobile/src/features/auth/SwitchConfirm.tsx,apps/mobile/features/auth,Inventory and static-check scope; not per-file runtime acceptance
apps/mobile/src/features/auth/WelcomeActions.tsx,apps/mobile/features/auth,Inventory and static-check scope; not per-file runtime acceptance
apps/mobile/src/features/auth/account-check.ts,apps/mobile/features/auth,Inventory and static-check scope; not per-file runtime acceptance
apps/mobile/src/features/auth/useAuthFlow.ts,apps/mobile/features/auth,Inventory and static-check scope; not per-file runtime acceptance
apps/mobile/src/features/card/ActionCircle.tsx,apps/mobile/features/card,Inventory and static-check scope; not per-file runtime acceptance
apps/mobile/src/features/card/CardFace.tsx,apps/mobile/features/card,Inventory and static-check scope; not per-file runtime acceptance
apps/mobile/src/features/card/CardHero.tsx,apps/mobile/features/card,Inventory and static-check scope; not per-file runtime acceptance
apps/mobile/src/features/card/CardIssued.tsx,apps/mobile/features/card,Inventory and static-check scope; not per-file runtime acceptance
apps/mobile/src/features/card/CardLimit.tsx,apps/mobile/features/card,Inventory and static-check scope; not per-file runtime acceptance
apps/mobile/src/features/card/CardPayments.tsx,apps/mobile/features/card,Inventory and static-check scope; not per-file runtime acceptance
apps/mobile/src/features/card/CardTab.tsx,apps/mobile/features/card,Inventory and static-check scope; not per-file runtime acceptance
apps/mobile/src/features/card/CardUnissued.tsx,apps/mobile/features/card,Inventory and static-check scope; not per-file runtime acceptance
apps/mobile/src/features/card/GetCard.tsx,apps/mobile/features/card,Inventory and static-check scope; not per-file runtime acceptance
apps/mobile/src/features/card/LimitPicker.tsx,apps/mobile/features/card,Inventory and static-check scope; not per-file runtime acceptance
apps/mobile/src/features/card/PaymentDetail.tsx,apps/mobile/features/card,Inventory and static-check scope; not per-file runtime acceptance
apps/mobile/src/features/card/RepayCard.tsx,apps/mobile/features/card,Inventory and static-check scope; not per-file runtime acceptance
apps/mobile/src/features/card/SimulateSheet.tsx,apps/mobile/features/card,Inventory and static-check scope; not per-file runtime acceptance
apps/mobile/src/features/card/SpendableHero.tsx,apps/mobile/features/card,Inventory and static-check scope; not per-file runtime acceptance
apps/mobile/src/features/card/TabSheet.tsx,apps/mobile/features/card,Inventory and static-check scope; not per-file runtime acceptance
apps/mobile/src/features/card/WalletRow.tsx,apps/mobile/features/card,Inventory and static-check scope; not per-file runtime acceptance
apps/mobile/src/features/card/constants.ts,apps/mobile/features/card,Inventory and static-check scope; not per-file runtime acceptance
apps/mobile/src/features/card/payment.ts,apps/mobile/features/card,Inventory and static-check scope; not per-file runtime acceptance
apps/mobile/src/features/card/useCardAllowance.ts,apps/mobile/features/card,Inventory and static-check scope; not per-file runtime acceptance
apps/mobile/src/features/card/useCardFreeze.ts,apps/mobile/features/card,Inventory and static-check scope; not per-file runtime acceptance
apps/mobile/src/features/card/useCardService.ts,apps/mobile/features/card,Inventory and static-check scope; not per-file runtime acceptance
apps/mobile/src/features/card/useCardSummary.ts,apps/mobile/features/card,Inventory and static-check scope; not per-file runtime acceptance
apps/mobile/src/features/card/words.ts,apps/mobile/features/card,Inventory and static-check scope; not per-file runtime acceptance
apps/mobile/src/features/fund/BridgeIn.tsx,apps/mobile/features/fund,Inventory and static-check scope; not per-file runtime acceptance
apps/mobile/src/features/fund/CardPanel.tsx,apps/mobile/features/fund,Inventory and static-check scope; not per-file runtime acceptance
apps/mobile/src/features/fund/ChainPanel.tsx,apps/mobile/features/fund,Inventory and static-check scope; not per-file runtime acceptance
apps/mobile/src/features/fund/DepositAddress.tsx,apps/mobile/features/fund,Inventory and static-check scope; not per-file runtime acceptance
apps/mobile/src/features/fund/DottedQr.tsx,apps/mobile/features/fund,Inventory and static-check scope; not per-file runtime acceptance
apps/mobile/src/features/fund/PracticePanel.tsx,apps/mobile/features/fund,Inventory and static-check scope; not per-file runtime acceptance
apps/mobile/src/features/fund/ReceiveCard.tsx,apps/mobile/features/fund,Inventory and static-check scope; not per-file runtime acceptance
apps/mobile/src/features/fund/SheetPanel.tsx,apps/mobile/features/fund,Inventory and static-check scope; not per-file runtime acceptance
apps/mobile/src/features/fund/bridge-assets.ts,apps/mobile/features/fund,Inventory and static-check scope; not per-file runtime acceptance
apps/mobile/src/features/fund/deposit-addresses.ts,apps/mobile/features/fund,Inventory and static-check scope; not per-file runtime acceptance
apps/mobile/src/features/fund/usePracticeMoney.ts,apps/mobile/features/fund,Inventory and static-check scope; not per-file runtime acceptance
apps/mobile/src/features/home/AssetsTab.tsx,apps/mobile/features/home,Inventory and static-check scope; not per-file runtime acceptance
apps/mobile/src/features/home/GuestHome.tsx,apps/mobile/features/home,Inventory and static-check scope; not per-file runtime acceptance
apps/mobile/src/features/home/HomeGroups.tsx,apps/mobile/features/home,Inventory and static-check scope; not per-file runtime acceptance
apps/mobile/src/features/home/HomeHeader.tsx,apps/mobile/features/home,Inventory and static-check scope; not per-file runtime acceptance
apps/mobile/src/features/home/HomeParts.tsx,apps/mobile/features/home,Inventory and static-check scope; not per-file runtime acceptance
apps/mobile/src/features/home/HomeTabs.tsx,apps/mobile/features/home,Inventory and static-check scope; not per-file runtime acceptance
apps/mobile/src/features/home/PositionsSection.tsx,apps/mobile/features/home,Inventory and static-check scope; not per-file runtime acceptance
apps/mobile/src/features/home/TopTrades.tsx,apps/mobile/features/home,Inventory and static-check scope; not per-file runtime acceptance
apps/mobile/src/features/legal/AgreeRow.tsx,apps/mobile/features/legal,Inventory and static-check scope; not per-file runtime acceptance
apps/mobile/src/features/legal/LegalPage.tsx,apps/mobile/features/legal,Inventory and static-check scope; not per-file runtime acceptance
apps/mobile/src/features/legal/TermsHost.tsx,apps/mobile/features/legal,Inventory and static-check scope; not per-file runtime acceptance
apps/mobile/src/features/legal/acknowledged.ts,apps/mobile/features/legal,Inventory and static-check scope; not per-file runtime acceptance
apps/mobile/src/features/legal/eligibility.ts,apps/mobile/features/legal,Inventory and static-check scope; not per-file runtime acceptance
apps/mobile/src/features/lp/DepositSheet.tsx,apps/mobile/features/lp,Inventory and static-check scope; not per-file runtime acceptance
apps/mobile/src/features/lp/LpScreen.tsx,apps/mobile/features/lp,Inventory and static-check scope; not per-file runtime acceptance
apps/mobile/src/features/lp/PoolDisclosures.tsx,apps/mobile/features/lp,Inventory and static-check scope; not per-file runtime acceptance
apps/mobile/src/features/lp/PoolOutcome.tsx,apps/mobile/features/lp,Inventory and static-check scope; not per-file runtime acceptance
apps/mobile/src/features/lp/RedeemSheet.tsx,apps/mobile/features/lp,Inventory and static-check scope; not per-file runtime acceptance
apps/mobile/src/features/lp/confirm-level.ts,apps/mobile/features/lp,Inventory and static-check scope; not per-file runtime acceptance
apps/mobile/src/features/lp/constants.ts,apps/mobile/features/lp,Inventory and static-check scope; not per-file runtime acceptance
apps/mobile/src/features/lp/deposit-op.ts,apps/mobile/features/lp,Inventory and static-check scope; not per-file runtime acceptance
apps/mobile/src/features/lp/useClaimWindow.ts,apps/mobile/features/lp,Inventory and static-check scope; not per-file runtime acceptance
apps/mobile/src/features/lp/useLp.ts,apps/mobile/features/lp,Inventory and static-check scope; not per-file runtime acceptance
apps/mobile/src/features/markets/AlertEditor.tsx,apps/mobile/features/markets,Inventory and static-check scope; not per-file runtime acceptance
apps/mobile/src/features/markets/AlertRow.tsx,apps/mobile/features/markets,Inventory and static-check scope; not per-file runtime acceptance
apps/mobile/src/features/markets/AlertsScreen.tsx,apps/mobile/features/markets,Inventory and static-check scope; not per-file runtime acceptance
apps/mobile/src/features/markets/Disclosure.tsx,apps/mobile/features/markets,Inventory and static-check scope; not per-file runtime acceptance
apps/mobile/src/features/markets/DiscoveryDetail.tsx,apps/mobile/features/markets,Inventory and static-check scope; not per-file runtime acceptance
apps/mobile/src/features/markets/DiscoveryRow.tsx,apps/mobile/features/markets,Inventory and static-check scope; not per-file runtime acceptance
apps/mobile/src/features/markets/LeverageBadge.tsx,apps/mobile/features/markets,Inventory and static-check scope; not per-file runtime acceptance
apps/mobile/src/features/markets/MarketAbout.tsx,apps/mobile/features/markets,Inventory and static-check scope; not per-file runtime acceptance
apps/mobile/src/features/markets/MarketActions.tsx,apps/mobile/features/markets,Inventory and static-check scope; not per-file runtime acceptance
apps/mobile/src/features/markets/MarketBanners.tsx,apps/mobile/features/markets,Inventory and static-check scope; not per-file runtime acceptance
apps/mobile/src/features/markets/MarketChart.tsx,apps/mobile/features/markets,Inventory and static-check scope; not per-file runtime acceptance
apps/mobile/src/features/markets/MarketFeed.tsx,apps/mobile/features/markets,Inventory and static-check scope; not per-file runtime acceptance
apps/mobile/src/features/markets/MarketHolders.tsx,apps/mobile/features/markets,Inventory and static-check scope; not per-file runtime acceptance
apps/mobile/src/features/markets/MarketRow.tsx,apps/mobile/features/markets,Inventory and static-check scope; not per-file runtime acceptance
apps/mobile/src/features/markets/MarketsScreen.tsx,apps/mobile/features/markets,Inventory and static-check scope; not per-file runtime acceptance
apps/mobile/src/features/markets/PageHeader.tsx,apps/mobile/features/markets,Inventory and static-check scope; not per-file runtime acceptance
apps/mobile/src/features/markets/PeriodChips.tsx,apps/mobile/features/markets,Inventory and static-check scope; not per-file runtime acceptance
apps/mobile/src/features/markets/PerpsIntro.tsx,apps/mobile/features/markets,Inventory and static-check scope; not per-file runtime acceptance
apps/mobile/src/features/markets/QuietLine.tsx,apps/mobile/features/markets,Inventory and static-check scope; not per-file runtime acceptance
apps/mobile/src/features/markets/RowShell.tsx,apps/mobile/features/markets,Inventory and static-check scope; not per-file runtime acceptance
apps/mobile/src/features/markets/WatchlistSync.tsx,apps/mobile/features/markets,Inventory and static-check scope; not per-file runtime acceptance
apps/mobile/src/features/markets/constants.ts,apps/mobile/features/markets,Inventory and static-check scope; not per-file runtime acceptance
apps/mobile/src/features/markets/device-store.ts,apps/mobile/features/markets,Inventory and static-check scope; not per-file runtime acceptance
apps/mobile/src/features/markets/discovery-marks.ts,apps/mobile/features/markets,Inventory and static-check scope; not per-file runtime acceptance
apps/mobile/src/features/markets/discovery-words.ts,apps/mobile/features/markets,Inventory and static-check scope; not per-file runtime acceptance
apps/mobile/src/features/markets/market-items.ts,apps/mobile/features/markets,Inventory and static-check scope; not per-file runtime acceptance
apps/mobile/src/features/markets/periods.ts,apps/mobile/features/markets,Inventory and static-check scope; not per-file runtime acceptance
apps/mobile/src/features/markets/session.ts,apps/mobile/features/markets,Inventory and static-check scope; not per-file runtime acceptance
apps/mobile/src/features/markets/universe.ts,apps/mobile/features/markets,Inventory and static-check scope; not per-file runtime acceptance
apps/mobile/src/features/markets/useAlerts.ts,apps/mobile/features/markets,Inventory and static-check scope; not per-file runtime acceptance
apps/mobile/src/features/markets/useMarketLine.ts,apps/mobile/features/markets,Inventory and static-check scope; not per-file runtime acceptance
apps/mobile/src/features/markets/useNowSec.ts,apps/mobile/features/markets,Inventory and static-check scope; not per-file runtime acceptance
apps/mobile/src/features/markets/useWatchlist.ts,apps/mobile/features/markets,Inventory and static-check scope; not per-file runtime acceptance
apps/mobile/src/features/money/ActionCircle.tsx,apps/mobile/features/money,Inventory and static-check scope; not per-file runtime acceptance
apps/mobile/src/features/money/AmountPad.tsx,apps/mobile/features/money,Inventory and static-check scope; not per-file runtime acceptance
apps/mobile/src/features/money/AssetMark.tsx,apps/mobile/features/money,Inventory and static-check scope; not per-file runtime acceptance
apps/mobile/src/features/money/AssetPicker.tsx,apps/mobile/features/money,Inventory and static-check scope; not per-file runtime acceptance
apps/mobile/src/features/money/AssetRow.tsx,apps/mobile/features/money,Inventory and static-check scope; not per-file runtime acceptance
apps/mobile/src/features/money/BridgeTimeline.tsx,apps/mobile/features/money,Inventory and static-check scope; not per-file runtime acceptance
apps/mobile/src/features/money/ChainGrid.tsx,apps/mobile/features/money,Inventory and static-check scope; not per-file runtime acceptance
apps/mobile/src/features/money/Review.tsx,apps/mobile/features/money,Inventory and static-check scope; not per-file runtime acceptance
apps/mobile/src/features/money/Scanner.tsx,apps/mobile/features/money,Inventory and static-check scope; not per-file runtime acceptance
apps/mobile/src/features/money/SearchField.tsx,apps/mobile/features/money,Inventory and static-check scope; not per-file runtime acceptance
apps/mobile/src/features/money/amount.ts,apps/mobile/features/money,Inventory and static-check scope; not per-file runtime acceptance
apps/mobile/src/features/money/arrivals.ts,apps/mobile/features/money,Inventory and static-check scope; not per-file runtime acceptance
apps/mobile/src/features/money/assets.ts,apps/mobile/features/money,Inventory and static-check scope; not per-file runtime acceptance
apps/mobile/src/features/money/format.ts,apps/mobile/features/money,Inventory and static-check scope; not per-file runtime acceptance
apps/mobile/src/features/money/hidden.ts,apps/mobile/features/money,Inventory and static-check scope; not per-file runtime acceptance
apps/mobile/src/features/money/native.ts,apps/mobile/features/money,Inventory and static-check scope; not per-file runtime acceptance
apps/mobile/src/features/money/pay-with.ts,apps/mobile/features/money,Inventory and static-check scope; not per-file runtime acceptance
apps/mobile/src/features/money/qr-payload.ts,apps/mobile/features/money,Inventory and static-check scope; not per-file runtime acceptance
apps/mobile/src/features/money/ramp.ts,apps/mobile/features/money,Inventory and static-check scope; not per-file runtime acceptance
apps/mobile/src/features/money/recipient.ts,apps/mobile/features/money,Inventory and static-check scope; not per-file runtime acceptance
apps/mobile/src/features/money/requests.ts,apps/mobile/features/money,Inventory and static-check scope; not per-file runtime acceptance
apps/mobile/src/features/money/useMoneyAssets.ts,apps/mobile/features/money,Inventory and static-check scope; not per-file runtime acceptance
apps/mobile/src/features/money/useMoneyOperation.ts,apps/mobile/features/money,Inventory and static-check scope; not per-file runtime acceptance
apps/mobile/src/features/money/useRampBuy.ts,apps/mobile/features/money,Inventory and static-check scope; not per-file runtime acceptance
apps/mobile/src/features/money/useTokenList.ts,apps/mobile/features/money,Inventory and static-check scope; not per-file runtime acceptance
apps/mobile/src/features/money/words.ts,apps/mobile/features/money,Inventory and static-check scope; not per-file runtime acceptance
apps/mobile/src/features/network/NetworkPicker.tsx,apps/mobile/features/network,Inventory and static-check scope; not per-file runtime acceptance
apps/mobile/src/features/network/PrelaunchMainnet.tsx,apps/mobile/features/network,Inventory and static-check scope; not per-file runtime acceptance
apps/mobile/src/features/network/constants.ts,apps/mobile/features/network,Inventory and static-check scope; not per-file runtime acceptance
apps/mobile/src/features/network/useNetworkBalances.ts,apps/mobile/features/network,Inventory and static-check scope; not per-file runtime acceptance
apps/mobile/src/features/network/usePrelaunchPrices.ts,apps/mobile/features/network,Inventory and static-check scope; not per-file runtime acceptance
apps/mobile/src/features/notifications/InboxList.tsx,apps/mobile/features/notifications,Inventory and static-check scope; not per-file runtime acceptance
apps/mobile/src/features/notifications/NotificationsBell.tsx,apps/mobile/features/notifications,Inventory and static-check scope; not per-file runtime acceptance
apps/mobile/src/features/notifications/NotificationsScreen.tsx,apps/mobile/features/notifications,Inventory and static-check scope; not per-file runtime acceptance
apps/mobile/src/features/notifications/PushBanner.tsx,apps/mobile/features/notifications,Inventory and static-check scope; not per-file runtime acceptance
apps/mobile/src/features/notifications/SubjectMark.tsx,apps/mobile/features/notifications,Inventory and static-check scope; not per-file runtime acceptance
apps/mobile/src/features/notifications/useInbox.ts,apps/mobile/features/notifications,Inventory and static-check scope; not per-file runtime acceptance
apps/mobile/src/features/onboarding/Story.tsx,apps/mobile/features/onboarding,Inventory and static-check scope; not per-file runtime acceptance
apps/mobile/src/features/onboarding/StoryHero.tsx,apps/mobile/features/onboarding,Inventory and static-check scope; not per-file runtime acceptance
apps/mobile/src/features/onboarding/constants.ts,apps/mobile/features/onboarding,Inventory and static-check scope; not per-file runtime acceptance
apps/mobile/src/features/onboarding/scenes.ts,apps/mobile/features/onboarding,Inventory and static-check scope; not per-file runtime acceptance
apps/mobile/src/features/perpl/PerplAbout.tsx,apps/mobile/features/perpl,Inventory and static-check scope; not per-file runtime acceptance
apps/mobile/src/features/perpl/PerplCloseOutcome.tsx,apps/mobile/features/perpl,Inventory and static-check scope; not per-file runtime acceptance
apps/mobile/src/features/perpl/PerplDetail.tsx,apps/mobile/features/perpl,Inventory and static-check scope; not per-file runtime acceptance
apps/mobile/src/features/perpl/PerplLinks.tsx,apps/mobile/features/perpl,Inventory and static-check scope; not per-file runtime acceptance
apps/mobile/src/features/perpl/PerplMarketRow.tsx,apps/mobile/features/perpl,Inventory and static-check scope; not per-file runtime acceptance
apps/mobile/src/features/perpl/PerplOutcome.tsx,apps/mobile/features/perpl,Inventory and static-check scope; not per-file runtime acceptance
apps/mobile/src/features/perpl/PerplPositionDetail.tsx,apps/mobile/features/perpl,Inventory and static-check scope; not per-file runtime acceptance
apps/mobile/src/features/perpl/PerplPositionRow.tsx,apps/mobile/features/perpl,Inventory and static-check scope; not per-file runtime acceptance
apps/mobile/src/features/perpl/PerplTicketEntry.tsx,apps/mobile/features/perpl,Inventory and static-check scope; not per-file runtime acceptance
apps/mobile/src/features/perpl/PerplTicketFooter.tsx,apps/mobile/features/perpl,Inventory and static-check scope; not per-file runtime acceptance
apps/mobile/src/features/perpl/PerplTicketHeader.tsx,apps/mobile/features/perpl,Inventory and static-check scope; not per-file runtime acceptance
apps/mobile/src/features/perpl/PerplTicketScreen.tsx,apps/mobile/features/perpl,Inventory and static-check scope; not per-file runtime acceptance
apps/mobile/src/features/perpl/PerplTicketSheets.tsx,apps/mobile/features/perpl,Inventory and static-check scope; not per-file runtime acceptance
apps/mobile/src/features/perpl/PerplWithdraw.tsx,apps/mobile/features/perpl,Inventory and static-check scope; not per-file runtime acceptance
apps/mobile/src/features/perpl/confirm.ts,apps/mobile/features/perpl,Inventory and static-check scope; not per-file runtime acceptance
apps/mobile/src/features/perpl/fees.ts,apps/mobile/features/perpl,Inventory and static-check scope; not per-file runtime acceptance
apps/mobile/src/features/perpl/format.ts,apps/mobile/features/perpl,Inventory and static-check scope; not per-file runtime acceptance
apps/mobile/src/features/perpl/market.ts,apps/mobile/features/perpl,Inventory and static-check scope; not per-file runtime acceptance
apps/mobile/src/features/perpl/usePerplAccess.ts,apps/mobile/features/perpl,Inventory and static-check scope; not per-file runtime acceptance
apps/mobile/src/features/perpl/usePerplFill.ts,apps/mobile/features/perpl,Inventory and static-check scope; not per-file runtime acceptance
apps/mobile/src/features/perpl/usePerplPosition.ts,apps/mobile/features/perpl,Inventory and static-check scope; not per-file runtime acceptance
apps/mobile/src/features/perpl/usePerplRun.ts,apps/mobile/features/perpl,Inventory and static-check scope; not per-file runtime acceptance
apps/mobile/src/features/perpl/usePerplTicket.ts,apps/mobile/features/perpl,Inventory and static-check scope; not per-file runtime acceptance
apps/mobile/src/features/perpl/words.ts,apps/mobile/features/perpl,Inventory and static-check scope; not per-file runtime acceptance
apps/mobile/src/features/portfolio/ActivityRow.tsx,apps/mobile/features/portfolio,Inventory and static-check scope; not per-file runtime acceptance
apps/mobile/src/features/portfolio/BalanceDetails.tsx,apps/mobile/features/portfolio,Inventory and static-check scope; not per-file runtime acceptance
apps/mobile/src/features/portfolio/PositionRow.tsx,apps/mobile/features/portfolio,Inventory and static-check scope; not per-file runtime acceptance
apps/mobile/src/features/portfolio/QuietLine.tsx,apps/mobile/features/portfolio,Inventory and static-check scope; not per-file runtime acceptance
apps/mobile/src/features/portfolio/RiskBanner.tsx,apps/mobile/features/portfolio,Inventory and static-check scope; not per-file runtime acceptance
apps/mobile/src/features/portfolio/SideBadge.tsx,apps/mobile/features/portfolio,Inventory and static-check scope; not per-file runtime acceptance
apps/mobile/src/features/portfolio/TradingPerformance.tsx,apps/mobile/features/portfolio,Inventory and static-check scope; not per-file runtime acceptance
apps/mobile/src/features/portfolio/account.ts,apps/mobile/features/portfolio,Inventory and static-check scope; not per-file runtime acceptance
apps/mobile/src/features/portfolio/activity-copy.ts,apps/mobile/features/portfolio,Inventory and static-check scope; not per-file runtime acceptance
apps/mobile/src/features/portfolio/constants.ts,apps/mobile/features/portfolio,Inventory and static-check scope; not per-file runtime acceptance
apps/mobile/src/features/portfolio/market-id.ts,apps/mobile/features/portfolio,Inventory and static-check scope; not per-file runtime acceptance
apps/mobile/src/features/portfolio/useActivity.ts,apps/mobile/features/portfolio,Inventory and static-check scope; not per-file runtime acceptance
apps/mobile/src/features/portfolio/useBalanceSheet.ts,apps/mobile/features/portfolio,Inventory and static-check scope; not per-file runtime acceptance
apps/mobile/src/features/portfolio/usePositionsSummary.ts,apps/mobile/features/portfolio,Inventory and static-check scope; not per-file runtime acceptance
apps/mobile/src/features/positions/CloseSummary.tsx,apps/mobile/features/positions,Inventory and static-check scope; not per-file runtime acceptance
apps/mobile/src/features/positions/CloseTicket.tsx,apps/mobile/features/positions,Inventory and static-check scope; not per-file runtime acceptance
apps/mobile/src/features/positions/LeftoverOrders.tsx,apps/mobile/features/positions,Inventory and static-check scope; not per-file runtime acceptance
apps/mobile/src/features/positions/OrderRow.tsx,apps/mobile/features/positions,Inventory and static-check scope; not per-file runtime acceptance
apps/mobile/src/features/positions/OrdersLink.tsx,apps/mobile/features/positions,Inventory and static-check scope; not per-file runtime acceptance
apps/mobile/src/features/positions/OrdersScreen.tsx,apps/mobile/features/positions,Inventory and static-check scope; not per-file runtime acceptance
apps/mobile/src/features/positions/PnlHero.tsx,apps/mobile/features/positions,Inventory and static-check scope; not per-file runtime acceptance
apps/mobile/src/features/positions/PositionDetail.tsx,apps/mobile/features/positions,Inventory and static-check scope; not per-file runtime acceptance
apps/mobile/src/features/positions/PositionHeader.tsx,apps/mobile/features/positions,Inventory and static-check scope; not per-file runtime acceptance
apps/mobile/src/features/positions/PositionStats.tsx,apps/mobile/features/positions,Inventory and static-check scope; not per-file runtime acceptance
apps/mobile/src/features/positions/TpSlRow.tsx,apps/mobile/features/positions,Inventory and static-check scope; not per-file runtime acceptance
apps/mobile/src/features/positions/constants.ts,apps/mobile/features/positions,Inventory and static-check scope; not per-file runtime acceptance
apps/mobile/src/features/positions/useCancelOrder.ts,apps/mobile/features/positions,Inventory and static-check scope; not per-file runtime acceptance
apps/mobile/src/features/positions/usePosition.ts,apps/mobile/features/positions,Inventory and static-check scope; not per-file runtime acceptance
apps/mobile/src/features/predictions/OutcomeChart.tsx,apps/mobile/features/predictions,Inventory and static-check scope; not per-file runtime acceptance
apps/mobile/src/features/predictions/PredictionCard.tsx,apps/mobile/features/predictions,Inventory and static-check scope; not per-file runtime acceptance
apps/mobile/src/features/predictions/PredictionDetail.tsx,apps/mobile/features/predictions,Inventory and static-check scope; not per-file runtime acceptance
apps/mobile/src/features/predictions/PredictionPicker.tsx,apps/mobile/features/predictions,Inventory and static-check scope; not per-file runtime acceptance
apps/mobile/src/features/predictions/PredictionRow.tsx,apps/mobile/features/predictions,Inventory and static-check scope; not per-file runtime acceptance
apps/mobile/src/features/predictions/PredictionSearchResults.tsx,apps/mobile/features/predictions,Inventory and static-check scope; not per-file runtime acceptance
apps/mobile/src/features/predictions/PredictionsList.tsx,apps/mobile/features/predictions,Inventory and static-check scope; not per-file runtime acceptance
apps/mobile/src/features/predictions/format.ts,apps/mobile/features/predictions,Inventory and static-check scope; not per-file runtime acceptance
apps/mobile/src/features/predictions/references.ts,apps/mobile/features/predictions,Inventory and static-check scope; not per-file runtime acceptance
apps/mobile/src/features/predictions/useFocused.ts,apps/mobile/features/predictions,Inventory and static-check scope; not per-file runtime acceptance
apps/mobile/src/features/profile/ActionCircle.tsx,apps/mobile/features/profile,Inventory and static-check scope; not per-file runtime acceptance
apps/mobile/src/features/profile/AvatarPicker.tsx,apps/mobile/features/profile,Inventory and static-check scope; not per-file runtime acceptance
apps/mobile/src/features/profile/DeleteScope.tsx,apps/mobile/features/profile,Inventory and static-check scope; not per-file runtime acceptance
apps/mobile/src/features/profile/PersonRow.tsx,apps/mobile/features/profile,Inventory and static-check scope; not per-file runtime acceptance
apps/mobile/src/features/profile/ProfileEditor.tsx,apps/mobile/features/profile,Inventory and static-check scope; not per-file runtime acceptance
apps/mobile/src/features/profile/ProfileField.tsx,apps/mobile/features/profile,Inventory and static-check scope; not per-file runtime acceptance
apps/mobile/src/features/profile/ProfileHeader.tsx,apps/mobile/features/profile,Inventory and static-check scope; not per-file runtime acceptance
apps/mobile/src/features/profile/ProfileResult.tsx,apps/mobile/features/profile,Inventory and static-check scope; not per-file runtime acceptance
apps/mobile/src/features/profile/ProfileTabs.tsx,apps/mobile/features/profile,Inventory and static-check scope; not per-file runtime acceptance
apps/mobile/src/features/profile/QuietState.tsx,apps/mobile/features/profile,Inventory and static-check scope; not per-file runtime acceptance
apps/mobile/src/features/profile/SectionHeading.tsx,apps/mobile/features/profile,Inventory and static-check scope; not per-file runtime acceptance
apps/mobile/src/features/profile/SettingsList.tsx,apps/mobile/features/profile,Inventory and static-check scope; not per-file runtime acceptance
apps/mobile/src/features/profile/SettingsRow.tsx,apps/mobile/features/profile,Inventory and static-check scope; not per-file runtime acceptance
apps/mobile/src/features/profile/ShowTrades.tsx,apps/mobile/features/profile,Inventory and static-check scope; not per-file runtime acceptance
apps/mobile/src/features/profile/SignOutConfirm.tsx,apps/mobile/features/profile,Inventory and static-check scope; not per-file runtime acceptance
apps/mobile/src/features/profile/Tap.tsx,apps/mobile/features/profile,Inventory and static-check scope; not per-file runtime acceptance
apps/mobile/src/features/profile/VisibilitySettings.tsx,apps/mobile/features/profile,Inventory and static-check scope; not per-file runtime acceptance
apps/mobile/src/features/profile/format.ts,apps/mobile/features/profile,Inventory and static-check scope; not per-file runtime acceptance
apps/mobile/src/features/profile/handle-copy.ts,apps/mobile/features/profile,Inventory and static-check scope; not per-file runtime acceptance
apps/mobile/src/features/profile/portrait.ts,apps/mobile/features/profile,Inventory and static-check scope; not per-file runtime acceptance
apps/mobile/src/features/profile/save-refusal.ts,apps/mobile/features/profile,Inventory and static-check scope; not per-file runtime acceptance
apps/mobile/src/features/profile/useHandleField.ts,apps/mobile/features/profile,Inventory and static-check scope; not per-file runtime acceptance
apps/mobile/src/features/profile/useOwnProfile.ts,apps/mobile/features/profile,Inventory and static-check scope; not per-file runtime acceptance
apps/mobile/src/features/search/SearchField.tsx,apps/mobile/features/search,Inventory and static-check scope; not per-file runtime acceptance
apps/mobile/src/features/search/SearchScreen.tsx,apps/mobile/features/search,Inventory and static-check scope; not per-file runtime acceptance
apps/mobile/src/features/search/TraderRow.tsx,apps/mobile/features/search,Inventory and static-check scope; not per-file runtime acceptance
apps/mobile/src/features/search/useRecentSearches.ts,apps/mobile/features/search,Inventory and static-check scope; not per-file runtime acceptance
apps/mobile/src/features/send/AmountStep.tsx,apps/mobile/features/send,Inventory and static-check scope; not per-file runtime acceptance
apps/mobile/src/features/send/MoveReview.tsx,apps/mobile/features/send,Inventory and static-check scope; not per-file runtime acceptance
apps/mobile/src/features/send/RecipientStep.tsx,apps/mobile/features/send,Inventory and static-check scope; not per-file runtime acceptance
apps/mobile/src/features/send/SendFlow.tsx,apps/mobile/features/send,Inventory and static-check scope; not per-file runtime acceptance
apps/mobile/src/features/send/move.ts,apps/mobile/features/send,Inventory and static-check scope; not per-file runtime acceptance
apps/mobile/src/features/send/people.ts,apps/mobile/features/send,Inventory and static-check scope; not per-file runtime acceptance
apps/mobile/src/features/setup/FollowRow.tsx,apps/mobile/features/setup,Inventory and static-check scope; not per-file runtime acceptance
apps/mobile/src/features/setup/InfoTip.tsx,apps/mobile/features/setup,Inventory and static-check scope; not per-file runtime acceptance
apps/mobile/src/features/setup/PracticeMoneyCard.tsx,apps/mobile/features/setup,Inventory and static-check scope; not per-file runtime acceptance
apps/mobile/src/features/setup/PrimerScreen.tsx,apps/mobile/features/setup,Inventory and static-check scope; not per-file runtime acceptance
apps/mobile/src/features/setup/SetupField.tsx,apps/mobile/features/setup,Inventory and static-check scope; not per-file runtime acceptance
apps/mobile/src/features/setup/SetupProgress.tsx,apps/mobile/features/setup,Inventory and static-check scope; not per-file runtime acceptance
apps/mobile/src/features/setup/SetupScreen.tsx,apps/mobile/features/setup,Inventory and static-check scope; not per-file runtime acceptance
apps/mobile/src/features/setup/VoucherField.tsx,apps/mobile/features/setup,Inventory and static-check scope; not per-file runtime acceptance
apps/mobile/src/features/setup/progress.ts,apps/mobile/features/setup,Inventory and static-check scope; not per-file runtime acceptance
apps/mobile/src/features/setup/suggest-handle.ts,apps/mobile/features/setup,Inventory and static-check scope; not per-file runtime acceptance
apps/mobile/src/features/setup/useSetupNav.ts,apps/mobile/features/setup,Inventory and static-check scope; not per-file runtime acceptance
apps/mobile/src/features/setup/useVoucher.ts,apps/mobile/features/setup,Inventory and static-check scope; not per-file runtime acceptance
apps/mobile/src/features/social/BlockedMuted.tsx,apps/mobile/features/social,Inventory and static-check scope; not per-file runtime acceptance
apps/mobile/src/features/social/ComposeThesis.tsx,apps/mobile/features/social,Inventory and static-check scope; not per-file runtime acceptance
apps/mobile/src/features/social/Connector.tsx,apps/mobile/features/social,Inventory and static-check scope; not per-file runtime acceptance
apps/mobile/src/features/social/Engagement.tsx,apps/mobile/features/social,Inventory and static-check scope; not per-file runtime acceptance
apps/mobile/src/features/social/Feed.tsx,apps/mobile/features/social,Inventory and static-check scope; not per-file runtime acceptance
apps/mobile/src/features/social/FeedRow.tsx,apps/mobile/features/social,Inventory and static-check scope; not per-file runtime acceptance
apps/mobile/src/features/social/FollowButton.tsx,apps/mobile/features/social,Inventory and static-check scope; not per-file runtime acceptance
apps/mobile/src/features/social/FollowListScreen.tsx,apps/mobile/features/social,Inventory and static-check scope; not per-file runtime acceptance
apps/mobile/src/features/social/Leaderboard.tsx,apps/mobile/features/social,Inventory and static-check scope; not per-file runtime acceptance
apps/mobile/src/features/social/LeaderboardInfo.tsx,apps/mobile/features/social,Inventory and static-check scope; not per-file runtime acceptance
apps/mobile/src/features/social/LikeBurst.tsx,apps/mobile/features/social,Inventory and static-check scope; not per-file runtime acceptance
apps/mobile/src/features/social/MarketLine.tsx,apps/mobile/features/social,Inventory and static-check scope; not per-file runtime acceptance
apps/mobile/src/features/social/NewActivity.tsx,apps/mobile/features/social,Inventory and static-check scope; not per-file runtime acceptance
apps/mobile/src/features/social/People.tsx,apps/mobile/features/social,Inventory and static-check scope; not per-file runtime acceptance
apps/mobile/src/features/social/PersonRow.tsx,apps/mobile/features/social,Inventory and static-check scope; not per-file runtime acceptance
apps/mobile/src/features/social/Quiet.tsx,apps/mobile/features/social,Inventory and static-check scope; not per-file runtime acceptance
apps/mobile/src/features/social/ReplyComposer.tsx,apps/mobile/features/social,Inventory and static-check scope; not per-file runtime acceptance
apps/mobile/src/features/social/ReportStep.tsx,apps/mobile/features/social,Inventory and static-check scope; not per-file runtime acceptance
apps/mobile/src/features/social/SocialActions.tsx,apps/mobile/features/social,Inventory and static-check scope; not per-file runtime acceptance
apps/mobile/src/features/social/Thread.tsx,apps/mobile/features/social,Inventory and static-check scope; not per-file runtime acceptance
apps/mobile/src/features/social/ThreadPost.tsx,apps/mobile/features/social,Inventory and static-check scope; not per-file runtime acceptance
apps/mobile/src/features/social/TraderAvatar.tsx,apps/mobile/features/social,Inventory and static-check scope; not per-file runtime acceptance
apps/mobile/src/features/social/TraderIdentity.tsx,apps/mobile/features/social,Inventory and static-check scope; not per-file runtime acceptance
apps/mobile/src/features/social/TraderPositions.tsx,apps/mobile/features/social,Inventory and static-check scope; not per-file runtime acceptance
apps/mobile/src/features/social/TraderProfile.tsx,apps/mobile/features/social,Inventory and static-check scope; not per-file runtime acceptance
apps/mobile/src/features/social/TraderStanding.tsx,apps/mobile/features/social,Inventory and static-check scope; not per-file runtime acceptance
apps/mobile/src/features/social/VerbPlate.tsx,apps/mobile/features/social,Inventory and static-check scope; not per-file runtime acceptance
apps/mobile/src/features/social/WatchEntry.tsx,apps/mobile/features/social,Inventory and static-check scope; not per-file runtime acceptance
apps/mobile/src/features/social/YourRank.tsx,apps/mobile/features/social,Inventory and static-check scope; not per-file runtime acceptance
apps/mobile/src/features/social/format.ts,apps/mobile/features/social,Inventory and static-check scope; not per-file runtime acceptance
apps/mobile/src/features/social/leaderboard-copy.ts,apps/mobile/features/social,Inventory and static-check scope; not per-file runtime acceptance
apps/mobile/src/features/social/navigation.ts,apps/mobile/features/social,Inventory and static-check scope; not per-file runtime acceptance
apps/mobile/src/features/social/share-links.ts,apps/mobile/features/social,Inventory and static-check scope; not per-file runtime acceptance
apps/mobile/src/features/social/trade-this.tsx,apps/mobile/features/social,Inventory and static-check scope; not per-file runtime acceptance
apps/mobile/src/features/social/useQueryError.ts,apps/mobile/features/social,Inventory and static-check scope; not per-file runtime acceptance
apps/mobile/src/features/social/useSocialAccount.ts,apps/mobile/features/social,Inventory and static-check scope; not per-file runtime acceptance
apps/mobile/src/features/sounds/SoundPicker.tsx,apps/mobile/features/sounds,Inventory and static-check scope; not per-file runtime acceptance
apps/mobile/src/features/swap/SwapCards.tsx,apps/mobile/features/swap,Inventory and static-check scope; not per-file runtime acceptance
apps/mobile/src/features/swap/SwapReview.tsx,apps/mobile/features/swap,Inventory and static-check scope; not per-file runtime acceptance
apps/mobile/src/features/swap/SwapView.tsx,apps/mobile/features/swap,Inventory and static-check scope; not per-file runtime acceptance
apps/mobile/src/features/swap/practice.ts,apps/mobile/features/swap,Inventory and static-check scope; not per-file runtime acceptance
apps/mobile/src/features/swap/swap-assets.ts,apps/mobile/features/swap,Inventory and static-check scope; not per-file runtime acceptance
apps/mobile/src/features/swap/swap-format.ts,apps/mobile/features/swap,Inventory and static-check scope; not per-file runtime acceptance
apps/mobile/src/features/swap/useSwap.ts,apps/mobile/features/swap,Inventory and static-check scope; not per-file runtime acceptance
apps/mobile/src/features/tokens/TokenChart.tsx,apps/mobile/features/tokens,Inventory and static-check scope; not per-file runtime acceptance
apps/mobile/src/features/tokens/TokenRow.tsx,apps/mobile/features/tokens,Inventory and static-check scope; not per-file runtime acceptance
apps/mobile/src/features/tokens/TokenTicket.tsx,apps/mobile/features/tokens,Inventory and static-check scope; not per-file runtime acceptance
apps/mobile/src/features/tokens/format.ts,apps/mobile/features/tokens,Inventory and static-check scope; not per-file runtime acceptance
apps/mobile/src/features/tokens/useTokenRows.ts,apps/mobile/features/tokens,Inventory and static-check scope; not per-file runtime acceptance
apps/mobile/src/features/trade/MarketLinks.tsx,apps/mobile/features/trade,Inventory and static-check scope; not per-file runtime acceptance
apps/mobile/src/features/trade/OutcomeNote.tsx,apps/mobile/features/trade,Inventory and static-check scope; not per-file runtime acceptance
apps/mobile/src/features/trade/PlannedTriggers.tsx,apps/mobile/features/trade,Inventory and static-check scope; not per-file runtime acceptance
apps/mobile/src/features/trade/PrelaunchDetail.tsx,apps/mobile/features/trade,Inventory and static-check scope; not per-file runtime acceptance
apps/mobile/src/features/trade/ProtectAfterOpen.tsx,apps/mobile/features/trade,Inventory and static-check scope; not per-file runtime acceptance
apps/mobile/src/features/trade/SideBar.tsx,apps/mobile/features/trade,Inventory and static-check scope; not per-file runtime acceptance
apps/mobile/src/features/trade/Ticket.tsx,apps/mobile/features/trade,Inventory and static-check scope; not per-file runtime acceptance
apps/mobile/src/features/trade/TicketChildren.tsx,apps/mobile/features/trade,Inventory and static-check scope; not per-file runtime acceptance
apps/mobile/src/features/trade/TicketFooter.tsx,apps/mobile/features/trade,Inventory and static-check scope; not per-file runtime acceptance
apps/mobile/src/features/trade/TicketHeader.tsx,apps/mobile/features/trade,Inventory and static-check scope; not per-file runtime acceptance
apps/mobile/src/features/trade/TicketReceipt.tsx,apps/mobile/features/trade,Inventory and static-check scope; not per-file runtime acceptance
apps/mobile/src/features/trade/TicketScreen.tsx,apps/mobile/features/trade,Inventory and static-check scope; not per-file runtime acceptance
apps/mobile/src/features/trade/TpSlChild.tsx,apps/mobile/features/trade,Inventory and static-check scope; not per-file runtime acceptance
apps/mobile/src/features/trade/TradeHeader.tsx,apps/mobile/features/trade,Inventory and static-check scope; not per-file runtime acceptance
apps/mobile/src/features/trade/TradeScreen.tsx,apps/mobile/features/trade,Inventory and static-check scope; not per-file runtime acceptance
apps/mobile/src/features/trade/TradeTrace.tsx,apps/mobile/features/trade,Inventory and static-check scope; not per-file runtime acceptance
apps/mobile/src/features/trade/TriggerInput.tsx,apps/mobile/features/trade,Inventory and static-check scope; not per-file runtime acceptance
apps/mobile/src/features/trade/candle-style.ts,apps/mobile/features/trade,Inventory and static-check scope; not per-file runtime acceptance
apps/mobile/src/features/trade/confirm-level.ts,apps/mobile/features/trade,Inventory and static-check scope; not per-file runtime acceptance
apps/mobile/src/features/trade/constants.ts,apps/mobile/features/trade,Inventory and static-check scope; not per-file runtime acceptance
apps/mobile/src/features/trade/draft.ts,apps/mobile/features/trade,Inventory and static-check scope; not per-file runtime acceptance
apps/mobile/src/features/trade/planned-triggers.ts,apps/mobile/features/trade,Inventory and static-check scope; not per-file runtime acceptance
apps/mobile/src/features/trade/quantity.ts,apps/mobile/features/trade,Inventory and static-check scope; not per-file runtime acceptance
apps/mobile/src/features/trade/rates.ts,apps/mobile/features/trade,Inventory and static-check scope; not per-file runtime acceptance
apps/mobile/src/features/trade/send-outcome.ts,apps/mobile/features/trade,Inventory and static-check scope; not per-file runtime acceptance
apps/mobile/src/features/trade/ticket-commit.ts,apps/mobile/features/trade,Inventory and static-check scope; not per-file runtime acceptance
apps/mobile/src/features/trade/ticket-pay.ts,apps/mobile/features/trade,Inventory and static-check scope; not per-file runtime acceptance
apps/mobile/src/features/trade/tpsl-draft.ts,apps/mobile/features/trade,Inventory and static-check scope; not per-file runtime acceptance
apps/mobile/src/features/trade/tpsl.ts,apps/mobile/features/trade,Inventory and static-check scope; not per-file runtime acceptance
apps/mobile/src/features/trade/trigger-legs.ts,apps/mobile/features/trade,Inventory and static-check scope; not per-file runtime acceptance
apps/mobile/src/features/trade/useGasTopUp.ts,apps/mobile/features/trade,Inventory and static-check scope; not per-file runtime acceptance
apps/mobile/src/features/trade/useTicket.ts,apps/mobile/features/trade,Inventory and static-check scope; not per-file runtime acceptance
apps/mobile/src/features/trade/useTriggerLegs.ts,apps/mobile/features/trade,Inventory and static-check scope; not per-file runtime acceptance
apps/mobile/src/features/withdraw/AmountEntry.tsx,apps/mobile/features/withdraw,Inventory and static-check scope; not per-file runtime acceptance
apps/mobile/src/features/withdraw/ChainReview.tsx,apps/mobile/features/withdraw,Inventory and static-check scope; not per-file runtime acceptance
apps/mobile/src/features/withdraw/DestinationStep.tsx,apps/mobile/features/withdraw,Inventory and static-check scope; not per-file runtime acceptance
apps/mobile/src/features/withdraw/SaveDestination.tsx,apps/mobile/features/withdraw,Inventory and static-check scope; not per-file runtime acceptance
apps/mobile/src/features/withdraw/WithdrawFlow.tsx,apps/mobile/features/withdraw,Inventory and static-check scope; not per-file runtime acceptance
apps/mobile/src/features/withdraw/amount-draft.ts,apps/mobile/features/withdraw,Inventory and static-check scope; not per-file runtime acceptance
apps/mobile/src/features/withdraw/chain-withdraw.ts,apps/mobile/features/withdraw,Inventory and static-check scope; not per-file runtime acceptance
apps/mobile/src/features/withdraw/destinations.ts,apps/mobile/features/withdraw,Inventory and static-check scope; not per-file runtime acceptance
apps/mobile/src/features/withdraw/useRecipient.ts,apps/mobile/features/withdraw,Inventory and static-check scope; not per-file runtime acceptance
apps/mobile/src/features/withdraw/words.ts,apps/mobile/features/withdraw,Inventory and static-check scope; not per-file runtime acceptance
apps/mobile/src/feedback/constants.ts,apps/mobile/foundation,Inventory and static-check scope; not per-file runtime acceptance
apps/mobile/src/feedback/fire.ts,apps/mobile/foundation,Inventory and static-check scope; not per-file runtime acceptance
apps/mobile/src/feedback/haptics.ts,apps/mobile/foundation,Inventory and static-check scope; not per-file runtime acceptance
apps/mobile/src/feedback/sound-variants.ts,apps/mobile/foundation,Inventory and static-check scope; not per-file runtime acceptance
apps/mobile/src/feedback/sound.ts,apps/mobile/foundation,Inventory and static-check scope; not per-file runtime acceptance
apps/mobile/src/lib/account/api.ts,apps/mobile/foundation,Inventory and static-check scope; not per-file runtime acceptance
apps/mobile/src/lib/account/delete-data.ts,apps/mobile/foundation,Inventory and static-check scope; not per-file runtime acceptance
apps/mobile/src/lib/account/foreground.ts,apps/mobile/foundation,Inventory and static-check scope; not per-file runtime acceptance
apps/mobile/src/lib/account/identity-cache.ts,apps/mobile/foundation,Inventory and static-check scope; not per-file runtime acceptance
apps/mobile/src/lib/account/measure.ts,apps/mobile/foundation,Inventory and static-check scope; not per-file runtime acceptance
apps/mobile/src/lib/account/provider.tsx,apps/mobile/foundation,Inventory and static-check scope; not per-file runtime acceptance
apps/mobile/src/lib/account/relay-operation.ts,apps/mobile/foundation,Inventory and static-check scope; not per-file runtime acceptance
apps/mobile/src/lib/account/remote.ts,apps/mobile/foundation,Inventory and static-check scope; not per-file runtime acceptance
apps/mobile/src/lib/account/runtime.ts,apps/mobile/foundation,Inventory and static-check scope; not per-file runtime acceptance
apps/mobile/src/lib/account/sender.ts,apps/mobile/foundation,Inventory and static-check scope; not per-file runtime acceptance
apps/mobile/src/lib/account/settings.ts,apps/mobile/foundation,Inventory and static-check scope; not per-file runtime acceptance
apps/mobile/src/lib/account/starter.ts,apps/mobile/foundation,Inventory and static-check scope; not per-file runtime acceptance
apps/mobile/src/lib/account/step-up.ts,apps/mobile/foundation,Inventory and static-check scope; not per-file runtime acceptance
apps/mobile/src/lib/account/system-prompt.ts,apps/mobile/foundation,Inventory and static-check scope; not per-file runtime acceptance
apps/mobile/src/lib/account/terms-gate.ts,apps/mobile/foundation,Inventory and static-check scope; not per-file runtime acceptance
apps/mobile/src/lib/account/use-chip.ts,apps/mobile/foundation,Inventory and static-check scope; not per-file runtime acceptance
apps/mobile/src/lib/account/use-session-runner.ts,apps/mobile/foundation,Inventory and static-check scope; not per-file runtime acceptance
apps/mobile/src/lib/account/use-starter.ts,apps/mobile/foundation,Inventory and static-check scope; not per-file runtime acceptance
apps/mobile/src/lib/biometrics.ts,apps/mobile/foundation,Inventory and static-check scope; not per-file runtime acceptance
apps/mobile/src/lib/capture-protection.ts,apps/mobile/foundation,Inventory and static-check scope; not per-file runtime acceptance
apps/mobile/src/lib/clipboard.ts,apps/mobile/foundation,Inventory and static-check scope; not per-file runtime acceptance
apps/mobile/src/lib/constants/app.ts,apps/mobile/foundation,Inventory and static-check scope; not per-file runtime acceptance
apps/mobile/src/lib/constants/auth.ts,apps/mobile/foundation,Inventory and static-check scope; not per-file runtime acceptance
apps/mobile/src/lib/constants/routes.ts,apps/mobile/foundation,Inventory and static-check scope; not per-file runtime acceptance
apps/mobile/src/lib/constants/time.ts,apps/mobile/foundation,Inventory and static-check scope; not per-file runtime acceptance
apps/mobile/src/lib/copy/diagnosis.ts,apps/mobile/foundation,Inventory and static-check scope; not per-file runtime acceptance
apps/mobile/src/lib/deep-link.ts,apps/mobile/foundation,Inventory and static-check scope; not per-file runtime acceptance
apps/mobile/src/lib/env.ts,apps/mobile/foundation,Inventory and static-check scope; not per-file runtime acceptance
apps/mobile/src/lib/format.ts,apps/mobile/foundation,Inventory and static-check scope; not per-file runtime acceptance
apps/mobile/src/lib/hide-balances.ts,apps/mobile/foundation,Inventory and static-check scope; not per-file runtime acceptance
apps/mobile/src/lib/incoming-link.ts,apps/mobile/foundation,Inventory and static-check scope; not per-file runtime acceptance
apps/mobile/src/lib/market-data.tsx,apps/mobile/foundation,Inventory and static-check scope; not per-file runtime acceptance
apps/mobile/src/lib/money.ts,apps/mobile/foundation,Inventory and static-check scope; not per-file runtime acceptance
apps/mobile/src/lib/native-modules.ts,apps/mobile/foundation,Inventory and static-check scope; not per-file runtime acceptance
apps/mobile/src/lib/network.ts,apps/mobile/foundation,Inventory and static-check scope; not per-file runtime acceptance
apps/mobile/src/lib/notifications/PushHost.tsx,apps/mobile/foundation,Inventory and static-check scope; not per-file runtime acceptance
apps/mobile/src/lib/notifications/push.ts,apps/mobile/foundation,Inventory and static-check scope; not per-file runtime acceptance
apps/mobile/src/lib/notifications/usePushStatus.ts,apps/mobile/foundation,Inventory and static-check scope; not per-file runtime acceptance
apps/mobile/src/lib/notify.ts,apps/mobile/foundation,Inventory and static-check scope; not per-file runtime acceptance
apps/mobile/src/lib/review-guard.ts,apps/mobile/foundation,Inventory and static-check scope; not per-file runtime acceptance
apps/mobile/src/lib/share-link.ts,apps/mobile/foundation,Inventory and static-check scope; not per-file runtime acceptance
apps/mobile/src/lib/storage.ts,apps/mobile/foundation,Inventory and static-check scope; not per-file runtime acceptance
apps/mobile/src/lib/validate-money.ts,apps/mobile/foundation,Inventory and static-check scope; not per-file runtime acceptance
apps/mobile/src/polyfills.ts,apps/mobile/foundation,Inventory and static-check scope; not per-file runtime acceptance
apps/mobile/src/theme/fonts.ts,apps/mobile/foundation,Inventory and static-check scope; not per-file runtime acceptance
apps/mobile/src/theme/identity.ts,apps/mobile/foundation,Inventory and static-check scope; not per-file runtime acceptance
apps/mobile/src/theme/index.tsx,apps/mobile/foundation,Inventory and static-check scope; not per-file runtime acceptance
apps/mobile/src/theme/layout.ts,apps/mobile/foundation,Inventory and static-check scope; not per-file runtime acceptance
apps/mobile/src/theme/motion.ts,apps/mobile/foundation,Inventory and static-check scope; not per-file runtime acceptance
apps/mobile/src/theme/palette.ts,apps/mobile/foundation,Inventory and static-check scope; not per-file runtime acceptance
apps/mobile/src/theme/type.ts,apps/mobile/foundation,Inventory and static-check scope; not per-file runtime acceptance
apps/web/src/app/(desk)/account/page.tsx,apps/web/foundation,Inventory and static-check scope; not per-file runtime acceptance
apps/web/src/app/(desk)/activity/page.tsx,apps/web/foundation,Inventory and static-check scope; not per-file runtime acceptance
apps/web/src/app/(desk)/add-money/page.tsx,apps/web/foundation,Inventory and static-check scope; not per-file runtime acceptance
apps/web/src/app/(desk)/asset/page.tsx,apps/web/foundation,Inventory and static-check scope; not per-file runtime acceptance
apps/web/src/app/(desk)/bridge-in/page.tsx,apps/web/foundation,Inventory and static-check scope; not per-file runtime acceptance
apps/web/src/app/(desk)/card/page.tsx,apps/web/foundation,Inventory and static-check scope; not per-file runtime acceptance
apps/web/src/app/(desk)/fund/page.tsx,apps/web/foundation,Inventory and static-check scope; not per-file runtime acceptance
apps/web/src/app/(desk)/home/page.tsx,apps/web/foundation,Inventory and static-check scope; not per-file runtime acceptance
apps/web/src/app/(desk)/layout.tsx,apps/web/foundation,Inventory and static-check scope; not per-file runtime acceptance
apps/web/src/app/(desk)/markets/page.tsx,apps/web/foundation,Inventory and static-check scope; not per-file runtime acceptance
apps/web/src/app/(desk)/notifications/page.tsx,apps/web/foundation,Inventory and static-check scope; not per-file runtime acceptance
apps/web/src/app/(desk)/pool/page.tsx,apps/web/foundation,Inventory and static-check scope; not per-file runtime acceptance
apps/web/src/app/(desk)/portfolio/page.tsx,apps/web/foundation,Inventory and static-check scope; not per-file runtime acceptance
apps/web/src/app/(desk)/position/page.tsx,apps/web/foundation,Inventory and static-check scope; not per-file runtime acceptance
apps/web/src/app/(desk)/profile/page.tsx,apps/web/foundation,Inventory and static-check scope; not per-file runtime acceptance
apps/web/src/app/(desk)/receive/page.tsx,apps/web/foundation,Inventory and static-check scope; not per-file runtime acceptance
apps/web/src/app/(desk)/send/page.tsx,apps/web/foundation,Inventory and static-check scope; not per-file runtime acceptance
apps/web/src/app/(desk)/setup/page.tsx,apps/web/foundation,Inventory and static-check scope; not per-file runtime acceptance
apps/web/src/app/(desk)/social/page.tsx,apps/web/foundation,Inventory and static-check scope; not per-file runtime acceptance
apps/web/src/app/(desk)/swap/page.tsx,apps/web/foundation,Inventory and static-check scope; not per-file runtime acceptance
apps/web/src/app/(desk)/trade/[market]/page.tsx,apps/web/foundation,Inventory and static-check scope; not per-file runtime acceptance
apps/web/src/app/(desk)/watch/page.tsx,apps/web/foundation,Inventory and static-check scope; not per-file runtime acceptance
apps/web/src/app/(desk)/withdraw/page.tsx,apps/web/foundation,Inventory and static-check scope; not per-file runtime acceptance
apps/web/src/app/fonts.ts,apps/web/foundation,Inventory and static-check scope; not per-file runtime acceptance
apps/web/src/app/globals.css,apps/web/foundation,Inventory and static-check scope; not per-file runtime acceptance
apps/web/src/app/judges/page.tsx,apps/web/foundation,Inventory and static-check scope; not per-file runtime acceptance
apps/web/src/app/layout.tsx,apps/web/foundation,Inventory and static-check scope; not per-file runtime acceptance
apps/web/src/app/page.tsx,apps/web/foundation,Inventory and static-check scope; not per-file runtime acceptance
apps/web/src/app/privacy/page.tsx,apps/web/foundation,Inventory and static-check scope; not per-file runtime acceptance
apps/web/src/app/stats/page.tsx,apps/web/foundation,Inventory and static-check scope; not per-file runtime acceptance
apps/web/src/app/terms/page.tsx,apps/web/foundation,Inventory and static-check scope; not per-file runtime acceptance
apps/web/src/app/welcome-art.module.css,apps/web/foundation,Inventory and static-check scope; not per-file runtime acceptance
apps/web/src/app/welcome-chrome.module.css,apps/web/foundation,Inventory and static-check scope; not per-file runtime acceptance
apps/web/src/app/welcome-mobile.module.css,apps/web/foundation,Inventory and static-check scope; not per-file runtime acceptance
apps/web/src/app/welcome-product.module.css,apps/web/foundation,Inventory and static-check scope; not per-file runtime acceptance
apps/web/src/app/welcome-questions.module.css,apps/web/foundation,Inventory and static-check scope; not per-file runtime acceptance
apps/web/src/app/welcome.module.css,apps/web/foundation,Inventory and static-check scope; not per-file runtime acceptance
apps/web/src/components/activity/activity-screen.tsx,apps/web/components/activity,Inventory and static-check scope; not per-file runtime acceptance
apps/web/src/components/auth/auth-failure.tsx,apps/web/components/auth,Inventory and static-check scope; not per-file runtime acceptance
apps/web/src/components/auth/ceremony-card.tsx,apps/web/components/auth,Inventory and static-check scope; not per-file runtime acceptance
apps/web/src/components/auth/host-not-allowed.tsx,apps/web/components/auth,Inventory and static-check scope; not per-file runtime acceptance
apps/web/src/components/auth/recover-sheet.tsx,apps/web/components/auth,Inventory and static-check scope; not per-file runtime acceptance
apps/web/src/components/auth/session-chip.tsx,apps/web/components/auth,Inventory and static-check scope; not per-file runtime acceptance
apps/web/src/components/auth/session-sheet.tsx,apps/web/components/auth,Inventory and static-check scope; not per-file runtime acceptance
apps/web/src/components/auth/step-up.tsx,apps/web/components/auth,Inventory and static-check scope; not per-file runtime acceptance
apps/web/src/components/auth/welcome-actions.tsx,apps/web/components/auth,Inventory and static-check scope; not per-file runtime acceptance
apps/web/src/components/bridge/bridge-in-screen.tsx,apps/web/components/bridge,Inventory and static-check scope; not per-file runtime acceptance
apps/web/src/components/bridge/chain-grid.tsx,apps/web/components/bridge,Inventory and static-check scope; not per-file runtime acceptance
apps/web/src/components/bridge/deposit-address.tsx,apps/web/components/bridge,Inventory and static-check scope; not per-file runtime acceptance
apps/web/src/components/bridge/withdraw-chain.tsx,apps/web/components/bridge,Inventory and static-check scope; not per-file runtime acceptance
apps/web/src/components/card/card-screen.tsx,apps/web/components/card,Inventory and static-check scope; not per-file runtime acceptance
apps/web/src/components/home/guest-home.tsx,apps/web/components/home,Inventory and static-check scope; not per-file runtime acceptance
apps/web/src/components/home/home-screen.tsx,apps/web/components/home,Inventory and static-check scope; not per-file runtime acceptance
apps/web/src/components/home/home-tabs.tsx,apps/web/components/home,Inventory and static-check scope; not per-file runtime acceptance
apps/web/src/components/home/position-row.tsx,apps/web/components/home,Inventory and static-check scope; not per-file runtime acceptance
apps/web/src/components/identity/avatar.tsx,apps/web/components/identity,Inventory and static-check scope; not per-file runtime acceptance
apps/web/src/components/identity/entity-mark.tsx,apps/web/components/identity,Inventory and static-check scope; not per-file runtime acceptance
apps/web/src/components/identity/mark-cluster.tsx,apps/web/components/identity,Inventory and static-check scope; not per-file runtime acceptance
apps/web/src/components/identity/passkey-glyph.tsx,apps/web/components/identity,Inventory and static-check scope; not per-file runtime acceptance
apps/web/src/components/kit/action-circle.tsx,apps/web/components/kit,Inventory and static-check scope; not per-file runtime acceptance
apps/web/src/components/kit/amount-hero.tsx,apps/web/components/kit,Inventory and static-check scope; not per-file runtime acceptance
apps/web/src/components/kit/dotted-qr.tsx,apps/web/components/kit,Inventory and static-check scope; not per-file runtime acceptance
apps/web/src/components/kit/list-row.tsx,apps/web/components/kit,Inventory and static-check scope; not per-file runtime acceptance
apps/web/src/components/kit/operation-status.tsx,apps/web/components/kit,Inventory and static-check scope; not per-file runtime acceptance
apps/web/src/components/kit/page-header.tsx,apps/web/components/kit,Inventory and static-check scope; not per-file runtime acceptance
apps/web/src/components/kit/slide-to-confirm.tsx,apps/web/components/kit,Inventory and static-check scope; not per-file runtime acceptance
apps/web/src/components/kit/trace-words.ts,apps/web/components/kit,Inventory and static-check scope; not per-file runtime acceptance
apps/web/src/components/legal/legal-document.tsx,apps/web/components/legal,Inventory and static-check scope; not per-file runtime acceptance
apps/web/src/components/money/add-money-screen.tsx,apps/web/components/money,Inventory and static-check scope; not per-file runtime acceptance
apps/web/src/components/money/amount-step.tsx,apps/web/components/money,Inventory and static-check scope; not per-file runtime acceptance
apps/web/src/components/money/asset-chip.tsx,apps/web/components/money,Inventory and static-check scope; not per-file runtime acceptance
apps/web/src/components/money/asset-mark.tsx,apps/web/components/money,Inventory and static-check scope; not per-file runtime acceptance
apps/web/src/components/money/asset-picker.tsx,apps/web/components/money,Inventory and static-check scope; not per-file runtime acceptance
apps/web/src/components/money/asset-row.tsx,apps/web/components/money,Inventory and static-check scope; not per-file runtime acceptance
apps/web/src/components/money/asset-screen.tsx,apps/web/components/money,Inventory and static-check scope; not per-file runtime acceptance
apps/web/src/components/money/move-flow.tsx,apps/web/components/money,Inventory and static-check scope; not per-file runtime acceptance
apps/web/src/components/money/move-review.tsx,apps/web/components/money,Inventory and static-check scope; not per-file runtime acceptance
apps/web/src/components/money/practice-money.tsx,apps/web/components/money,Inventory and static-check scope; not per-file runtime acceptance
apps/web/src/components/money/receive-screen.tsx,apps/web/components/money,Inventory and static-check scope; not per-file runtime acceptance
apps/web/src/components/money/recipient-step.tsx,apps/web/components/money,Inventory and static-check scope; not per-file runtime acceptance
apps/web/src/components/money/save-destination.tsx,apps/web/components/money,Inventory and static-check scope; not per-file runtime acceptance
apps/web/src/components/money/scanner.tsx,apps/web/components/money,Inventory and static-check scope; not per-file runtime acceptance
apps/web/src/components/notifications/notifications-screen.tsx,apps/web/components/notifications,Inventory and static-check scope; not per-file runtime acceptance
apps/web/src/components/pool/pool-panels.tsx,apps/web/components/pool,Inventory and static-check scope; not per-file runtime acceptance
apps/web/src/components/pool/pool-screen.tsx,apps/web/components/pool,Inventory and static-check scope; not per-file runtime acceptance
apps/web/src/components/public/landing-menu.tsx,apps/web/components/public,Inventory and static-check scope; not per-file runtime acceptance
apps/web/src/components/public/markdown.tsx,apps/web/components/public,Inventory and static-check scope; not per-file runtime acceptance
apps/web/src/components/public/public-header.tsx,apps/web/components/public,Inventory and static-check scope; not per-file runtime acceptance
apps/web/src/components/public/styles.ts,apps/web/components/public,Inventory and static-check scope; not per-file runtime acceptance
apps/web/src/components/screens/account/data-panel.tsx,apps/web/components/screens,Inventory and static-check scope; not per-file runtime acceptance
apps/web/src/components/screens/account/diagnostics-panel.tsx,apps/web/components/screens,Inventory and static-check scope; not per-file runtime acceptance
apps/web/src/components/screens/account/identity-panel.tsx,apps/web/components/screens,Inventory and static-check scope; not per-file runtime acceptance
apps/web/src/components/screens/account/phrase-reveal.tsx,apps/web/components/screens,Inventory and static-check scope; not per-file runtime acceptance
apps/web/src/components/screens/account/recovery-panel.tsx,apps/web/components/screens,Inventory and static-check scope; not per-file runtime acceptance
apps/web/src/components/screens/account/security-panel.tsx,apps/web/components/screens,Inventory and static-check scope; not per-file runtime acceptance
apps/web/src/components/screens/markets-screen.tsx,apps/web/components/screens,Inventory and static-check scope; not per-file runtime acceptance
apps/web/src/components/screens/markets/desk-watchlist.tsx,apps/web/components/screens,Inventory and static-check scope; not per-file runtime acceptance
apps/web/src/components/screens/markets/market-row.tsx,apps/web/components/screens,Inventory and static-check scope; not per-file runtime acceptance
apps/web/src/components/screens/trade/market-chart.tsx,apps/web/components/screens,Inventory and static-check scope; not per-file runtime acceptance
apps/web/src/components/screens/trade/market-header.tsx,apps/web/components/screens,Inventory and static-check scope; not per-file runtime acceptance
apps/web/src/components/screens/trade/trade-screen.tsx,apps/web/components/screens,Inventory and static-check scope; not per-file runtime acceptance
apps/web/src/components/screens/watch-screen.tsx,apps/web/components/screens,Inventory and static-check scope; not per-file runtime acceptance
apps/web/src/components/settings/settings-screen.tsx,apps/web/components/settings,Inventory and static-check scope; not per-file runtime acceptance
apps/web/src/components/settings/settings-sections.tsx,apps/web/components/settings,Inventory and static-check scope; not per-file runtime acceptance
apps/web/src/components/setup/setup-screen.tsx,apps/web/components/setup,Inventory and static-check scope; not per-file runtime acceptance
apps/web/src/components/shell/bottom-dock.tsx,apps/web/components/shell,Inventory and static-check scope; not per-file runtime acceptance
apps/web/src/components/shell/column.tsx,apps/web/components/shell,Inventory and static-check scope; not per-file runtime acceptance
apps/web/src/components/shell/header-utilities.tsx,apps/web/components/shell,Inventory and static-check scope; not per-file runtime acceptance
apps/web/src/components/shell/primitives.tsx,apps/web/components/shell,Inventory and static-check scope; not per-file runtime acceptance
apps/web/src/components/shell/redirect.tsx,apps/web/components/shell,Inventory and static-check scope; not per-file runtime acceptance
apps/web/src/components/shell/seal.tsx,apps/web/components/shell,Inventory and static-check scope; not per-file runtime acceptance
apps/web/src/components/shell/theme-provider.tsx,apps/web/components/shell,Inventory and static-check scope; not per-file runtime acceptance
apps/web/src/components/shell/theme-toggle.tsx,apps/web/components/shell,Inventory and static-check scope; not per-file runtime acceptance
apps/web/src/components/shell/top-bar.tsx,apps/web/components/shell,Inventory and static-check scope; not per-file runtime acceptance
apps/web/src/components/shell/tx-recovery.tsx,apps/web/components/shell,Inventory and static-check scope; not per-file runtime acceptance
apps/web/src/components/social/compose.tsx,apps/web/components/social,Inventory and static-check scope; not per-file runtime acceptance
apps/web/src/components/social/engagement.tsx,apps/web/components/social,Inventory and static-check scope; not per-file runtime acceptance
apps/web/src/components/social/feed-row.tsx,apps/web/components/social,Inventory and static-check scope; not per-file runtime acceptance
apps/web/src/components/social/feed.tsx,apps/web/components/social,Inventory and static-check scope; not per-file runtime acceptance
apps/web/src/components/social/follow-button.tsx,apps/web/components/social,Inventory and static-check scope; not per-file runtime acceptance
apps/web/src/components/social/network-scope.tsx,apps/web/components/social,Inventory and static-check scope; not per-file runtime acceptance
apps/web/src/components/social/own-profile.tsx,apps/web/components/social,Inventory and static-check scope; not per-file runtime acceptance
apps/web/src/components/social/profile-actions.tsx,apps/web/components/social,Inventory and static-check scope; not per-file runtime acceptance
apps/web/src/components/social/profile-header.tsx,apps/web/components/social,Inventory and static-check scope; not per-file runtime acceptance
apps/web/src/components/social/profile-view.tsx,apps/web/components/social,Inventory and static-check scope; not per-file runtime acceptance
apps/web/src/components/social/social-screen.tsx,apps/web/components/social,Inventory and static-check scope; not per-file runtime acceptance
apps/web/src/components/social/standing.tsx,apps/web/components/social,Inventory and static-check scope; not per-file runtime acceptance
apps/web/src/components/stats/daily-activity.tsx,apps/web/components/stats,Inventory and static-check scope; not per-file runtime acceptance
apps/web/src/components/stats/format.ts,apps/web/components/stats,Inventory and static-check scope; not per-file runtime acceptance
apps/web/src/components/stats/stats-screen.tsx,apps/web/components/stats,Inventory and static-check scope; not per-file runtime acceptance
apps/web/src/components/stats/traction-figures.tsx,apps/web/components/stats,Inventory and static-check scope; not per-file runtime acceptance
apps/web/src/components/swap/swap-screen.tsx,apps/web/components/swap,Inventory and static-check scope; not per-file runtime acceptance
apps/web/src/components/trade/market-about.tsx,apps/web/components/trade,Inventory and static-check scope; not per-file runtime acceptance
apps/web/src/components/trade/order-outcome.tsx,apps/web/components/trade,Inventory and static-check scope; not per-file runtime acceptance
apps/web/src/components/trade/position-screen.tsx,apps/web/components/trade,Inventory and static-check scope; not per-file runtime acceptance
apps/web/src/components/trade/risk-primer.tsx,apps/web/components/trade,Inventory and static-check scope; not per-file runtime acceptance
apps/web/src/components/trade/ticket.tsx,apps/web/components/trade,Inventory and static-check scope; not per-file runtime acceptance
apps/web/src/components/trade/tp-sl.tsx,apps/web/components/trade,Inventory and static-check scope; not per-file runtime acceptance
apps/web/src/components/ui/alert-toast.tsx,apps/web/components/ui,Inventory and static-check scope; not per-file runtime acceptance
apps/web/src/components/ui/auth-card.tsx,apps/web/components/ui,Inventory and static-check scope; not per-file runtime acceptance
apps/web/src/components/ui/button.tsx,apps/web/components/ui,Inventory and static-check scope; not per-file runtime acceptance
apps/web/src/components/ui/candle/crosshair.tsx,apps/web/components/ui,Inventory and static-check scope; not per-file runtime acceptance
apps/web/src/components/ui/candle/index.tsx,apps/web/components/ui,Inventory and static-check scope; not per-file runtime acceptance
apps/web/src/components/ui/candle/layers.tsx,apps/web/components/ui,Inventory and static-check scope; not per-file runtime acceptance
apps/web/src/components/ui/candle/scale.ts,apps/web/components/ui,Inventory and static-check scope; not per-file runtime acceptance
apps/web/src/components/ui/candle/volume.tsx,apps/web/components/ui,Inventory and static-check scope; not per-file runtime acceptance
apps/web/src/components/ui/copy-code-button.tsx,apps/web/components/ui,Inventory and static-check scope; not per-file runtime acceptance
apps/web/src/components/ui/daily-bars.tsx,apps/web/components/ui,Inventory and static-check scope; not per-file runtime acceptance
apps/web/src/components/ui/dialog.tsx,apps/web/components/ui,Inventory and static-check scope; not per-file runtime acceptance
apps/web/src/components/ui/drawer.tsx,apps/web/components/ui,Inventory and static-check scope; not per-file runtime acceptance
apps/web/src/components/ui/encrypted-text.tsx,apps/web/components/ui,Inventory and static-check scope; not per-file runtime acceptance
apps/web/src/components/ui/input.tsx,apps/web/components/ui,Inventory and static-check scope; not per-file runtime acceptance
apps/web/src/components/ui/interactive-empty-state.tsx,apps/web/components/ui,Inventory and static-check scope; not per-file runtime acceptance
apps/web/src/components/ui/label.tsx,apps/web/components/ui,Inventory and static-check scope; not per-file runtime acceptance
apps/web/src/components/ui/loading-state.tsx,apps/web/components/ui,Inventory and static-check scope; not per-file runtime acceptance
apps/web/src/components/ui/market-heatmap.tsx,apps/web/components/ui,Inventory and static-check scope; not per-file runtime acceptance
apps/web/src/components/ui/market-watchlist.tsx,apps/web/components/ui,Inventory and static-check scope; not per-file runtime acceptance
apps/web/src/components/ui/number-flow.tsx,apps/web/components/ui,Inventory and static-check scope; not per-file runtime acceptance
apps/web/src/components/ui/partition-bar.tsx,apps/web/components/ui,Inventory and static-check scope; not per-file runtime acceptance
apps/web/src/components/ui/qr-code-generator.tsx,apps/web/components/ui,Inventory and static-check scope; not per-file runtime acceptance
apps/web/src/components/ui/reading.tsx,apps/web/components/ui,Inventory and static-check scope; not per-file runtime acceptance
apps/web/src/components/ui/responsive-sheet.tsx,apps/web/components/ui,Inventory and static-check scope; not per-file runtime acceptance
apps/web/src/components/ui/segmented-control.tsx,apps/web/components/ui,Inventory and static-check scope; not per-file runtime acceptance
apps/web/src/components/ui/skeleton.tsx,apps/web/components/ui,Inventory and static-check scope; not per-file runtime acceptance
apps/web/src/components/ui/slider.tsx,apps/web/components/ui,Inventory and static-check scope; not per-file runtime acceptance
apps/web/src/components/ui/sonner.tsx,apps/web/components/ui,Inventory and static-check scope; not per-file runtime acceptance
apps/web/src/components/ui/task-steps.tsx,apps/web/components/ui,Inventory and static-check scope; not per-file runtime acceptance
apps/web/src/components/ui/text-shimmer.tsx,apps/web/components/ui,Inventory and static-check scope; not per-file runtime acceptance
apps/web/src/components/ui/tooltip.tsx,apps/web/components/ui,Inventory and static-check scope; not per-file runtime acceptance
apps/web/src/components/ui/upstash-ratelimit.tsx,apps/web/components/ui,Inventory and static-check scope; not per-file runtime acceptance
apps/web/src/components/ui/vercel-tabs.tsx,apps/web/components/ui,Inventory and static-check scope; not per-file runtime acceptance
apps/web/src/hooks/use-qr.ts,apps/web/foundation,Inventory and static-check scope; not per-file runtime acceptance
apps/web/src/lib/account/api.ts,apps/web/foundation,Inventory and static-check scope; not per-file runtime acceptance
apps/web/src/lib/account/local-string.ts,apps/web/foundation,Inventory and static-check scope; not per-file runtime acceptance
apps/web/src/lib/account/local.ts,apps/web/foundation,Inventory and static-check scope; not per-file runtime acceptance
apps/web/src/lib/account/measure.ts,apps/web/foundation,Inventory and static-check scope; not per-file runtime acceptance
apps/web/src/lib/account/provider.tsx,apps/web/foundation,Inventory and static-check scope; not per-file runtime acceptance
apps/web/src/lib/account/remote.ts,apps/web/foundation,Inventory and static-check scope; not per-file runtime acceptance
apps/web/src/lib/account/rp.ts,apps/web/foundation,Inventory and static-check scope; not per-file runtime acceptance
apps/web/src/lib/account/runtime.ts,apps/web/foundation,Inventory and static-check scope; not per-file runtime acceptance
apps/web/src/lib/account/sender.ts,apps/web/foundation,Inventory and static-check scope; not per-file runtime acceptance
apps/web/src/lib/account/settings.ts,apps/web/foundation,Inventory and static-check scope; not per-file runtime acceptance
apps/web/src/lib/account/starter.ts,apps/web/foundation,Inventory and static-check scope; not per-file runtime acceptance
apps/web/src/lib/account/terms.ts,apps/web/foundation,Inventory and static-check scope; not per-file runtime acceptance
apps/web/src/lib/account/use-chip.ts,apps/web/foundation,Inventory and static-check scope; not per-file runtime acceptance
apps/web/src/lib/account/use-session-runner.ts,apps/web/foundation,Inventory and static-check scope; not per-file runtime acceptance
apps/web/src/lib/account/use-starter.ts,apps/web/foundation,Inventory and static-check scope; not per-file runtime acceptance
apps/web/src/lib/account/use-voucher.ts,apps/web/foundation,Inventory and static-check scope; not per-file runtime acceptance
apps/web/src/lib/activity/copy.ts,apps/web/foundation,Inventory and static-check scope; not per-file runtime acceptance
apps/web/src/lib/activity/feed-format.ts,apps/web/foundation,Inventory and static-check scope; not per-file runtime acceptance
apps/web/src/lib/activity/market-id.ts,apps/web/foundation,Inventory and static-check scope; not per-file runtime acceptance
apps/web/src/lib/activity/receipt.ts,apps/web/foundation,Inventory and static-check scope; not per-file runtime acceptance
apps/web/src/lib/activity/use-activity.ts,apps/web/foundation,Inventory and static-check scope; not per-file runtime acceptance
apps/web/src/lib/activity/use-feed.ts,apps/web/foundation,Inventory and static-check scope; not per-file runtime acceptance
apps/web/src/lib/bridge/assets.ts,apps/web/foundation,Inventory and static-check scope; not per-file runtime acceptance
apps/web/src/lib/bridge/chain-withdraw.ts,apps/web/foundation,Inventory and static-check scope; not per-file runtime acceptance
apps/web/src/lib/bridge/deposit-addresses.ts,apps/web/foundation,Inventory and static-check scope; not per-file runtime acceptance
apps/web/src/lib/constants/auth.ts,apps/web/foundation,Inventory and static-check scope; not per-file runtime acceptance
apps/web/src/lib/constants/brand.ts,apps/web/foundation,Inventory and static-check scope; not per-file runtime acceptance
apps/web/src/lib/constants/charts.ts,apps/web/foundation,Inventory and static-check scope; not per-file runtime acceptance
apps/web/src/lib/constants/loading-state.ts,apps/web/foundation,Inventory and static-check scope; not per-file runtime acceptance
apps/web/src/lib/constants/money.ts,apps/web/foundation,Inventory and static-check scope; not per-file runtime acceptance
apps/web/src/lib/constants/motion.ts,apps/web/foundation,Inventory and static-check scope; not per-file runtime acceptance
apps/web/src/lib/constants/query.ts,apps/web/foundation,Inventory and static-check scope; not per-file runtime acceptance
apps/web/src/lib/constants/routes.ts,apps/web/foundation,Inventory and static-check scope; not per-file runtime acceptance
apps/web/src/lib/constants/stats.ts,apps/web/foundation,Inventory and static-check scope; not per-file runtime acceptance
apps/web/src/lib/constants/ticket.ts,apps/web/foundation,Inventory and static-check scope; not per-file runtime acceptance
apps/web/src/lib/copy/diagnosis.ts,apps/web/foundation,Inventory and static-check scope; not per-file runtime acceptance
apps/web/src/lib/env.ts,apps/web/foundation,Inventory and static-check scope; not per-file runtime acceptance
apps/web/src/lib/format.ts,apps/web/foundation,Inventory and static-check scope; not per-file runtime acceptance
apps/web/src/lib/market-data.tsx,apps/web/foundation,Inventory and static-check scope; not per-file runtime acceptance
apps/web/src/lib/markets/line.ts,apps/web/foundation,Inventory and static-check scope; not per-file runtime acceptance
apps/web/src/lib/markets/periods.ts,apps/web/foundation,Inventory and static-check scope; not per-file runtime acceptance
apps/web/src/lib/markets/session.ts,apps/web/foundation,Inventory and static-check scope; not per-file runtime acceptance
apps/web/src/lib/markets/universe.ts,apps/web/foundation,Inventory and static-check scope; not per-file runtime acceptance
apps/web/src/lib/money/amount.ts,apps/web/foundation,Inventory and static-check scope; not per-file runtime acceptance
apps/web/src/lib/money/arrivals.ts,apps/web/foundation,Inventory and static-check scope; not per-file runtime acceptance
apps/web/src/lib/money/assets.ts,apps/web/foundation,Inventory and static-check scope; not per-file runtime acceptance
apps/web/src/lib/money/destinations.ts,apps/web/foundation,Inventory and static-check scope; not per-file runtime acceptance
apps/web/src/lib/money/format.ts,apps/web/foundation,Inventory and static-check scope; not per-file runtime acceptance
apps/web/src/lib/money/hidden.ts,apps/web/foundation,Inventory and static-check scope; not per-file runtime acceptance
apps/web/src/lib/money/move.ts,apps/web/foundation,Inventory and static-check scope; not per-file runtime acceptance
apps/web/src/lib/money/people.ts,apps/web/foundation,Inventory and static-check scope; not per-file runtime acceptance
apps/web/src/lib/money/qr-payload.ts,apps/web/foundation,Inventory and static-check scope; not per-file runtime acceptance
apps/web/src/lib/money/recipient.ts,apps/web/foundation,Inventory and static-check scope; not per-file runtime acceptance
apps/web/src/lib/money/requests.ts,apps/web/foundation,Inventory and static-check scope; not per-file runtime acceptance
apps/web/src/lib/money/token-list.ts,apps/web/foundation,Inventory and static-check scope; not per-file runtime acceptance
apps/web/src/lib/money/use-money-assets.ts,apps/web/foundation,Inventory and static-check scope; not per-file runtime acceptance
apps/web/src/lib/money/use-money-operation.ts,apps/web/foundation,Inventory and static-check scope; not per-file runtime acceptance
apps/web/src/lib/money/use-total.ts,apps/web/foundation,Inventory and static-check scope; not per-file runtime acceptance
apps/web/src/lib/money/validate.ts,apps/web/foundation,Inventory and static-check scope; not per-file runtime acceptance
apps/web/src/lib/notifications/inbox.ts,apps/web/foundation,Inventory and static-check scope; not per-file runtime acceptance
apps/web/src/lib/pool/confirm-level.ts,apps/web/foundation,Inventory and static-check scope; not per-file runtime acceptance
apps/web/src/lib/pool/constants.ts,apps/web/foundation,Inventory and static-check scope; not per-file runtime acceptance
apps/web/src/lib/pool/use-claim-window.ts,apps/web/foundation,Inventory and static-check scope; not per-file runtime acceptance
apps/web/src/lib/pool/use-lp.ts,apps/web/foundation,Inventory and static-check scope; not per-file runtime acceptance
apps/web/src/lib/review-guard.ts,apps/web/foundation,Inventory and static-check scope; not per-file runtime acceptance
apps/web/src/lib/social/format.ts,apps/web/foundation,Inventory and static-check scope; not per-file runtime acceptance
apps/web/src/lib/social/session-gate.ts,apps/web/foundation,Inventory and static-check scope; not per-file runtime acceptance
apps/web/src/lib/stats/provider.tsx,apps/web/foundation,Inventory and static-check scope; not per-file runtime acceptance
apps/web/src/lib/stats/traction.ts,apps/web/foundation,Inventory and static-check scope; not per-file runtime acceptance
apps/web/src/lib/swap/assets.ts,apps/web/foundation,Inventory and static-check scope; not per-file runtime acceptance
apps/web/src/lib/swap/format.ts,apps/web/foundation,Inventory and static-check scope; not per-file runtime acceptance
apps/web/src/lib/swap/use-swap.ts,apps/web/foundation,Inventory and static-check scope; not per-file runtime acceptance
apps/web/src/lib/trade/commit.ts,apps/web/foundation,Inventory and static-check scope; not per-file runtime acceptance
apps/web/src/lib/trade/confirm-level.ts,apps/web/foundation,Inventory and static-check scope; not per-file runtime acceptance
apps/web/src/lib/trade/quantity.ts,apps/web/foundation,Inventory and static-check scope; not per-file runtime acceptance
apps/web/src/lib/trade/rates.ts,apps/web/foundation,Inventory and static-check scope; not per-file runtime acceptance
apps/web/src/lib/trade/send-outcome.ts,apps/web/foundation,Inventory and static-check scope; not per-file runtime acceptance
apps/web/src/lib/trade/use-gas-top-up.ts,apps/web/foundation,Inventory and static-check scope; not per-file runtime acceptance
apps/web/src/lib/trade/use-position.ts,apps/web/foundation,Inventory and static-check scope; not per-file runtime acceptance
apps/web/src/lib/trade/use-ticket.ts,apps/web/foundation,Inventory and static-check scope; not per-file runtime acceptance
apps/web/src/lib/trade/use-tpsl.ts,apps/web/foundation,Inventory and static-check scope; not per-file runtime acceptance
apps/web/src/lib/utils.ts,apps/web/foundation,Inventory and static-check scope; not per-file runtime acceptance
contracts/src/core/AccountLedger.sol,contracts/core,Inventory and static-check scope; not per-file runtime acceptance
contracts/src/core/AdminModule.sol,contracts/core,Inventory and static-check scope; not per-file runtime acceptance
contracts/src/core/CardModule.sol,contracts/core,Inventory and static-check scope; not per-file runtime acceptance
contracts/src/core/CollateralConfig.sol,contracts/core,Inventory and static-check scope; not per-file runtime acceptance
contracts/src/core/CoreStorage.sol,contracts/core,Inventory and static-check scope; not per-file runtime acceptance
contracts/src/core/LiquidationModule.sol,contracts/core,Inventory and static-check scope; not per-file runtime acceptance
contracts/src/core/MarketAccounting.sol,contracts/core,Inventory and static-check scope; not per-file runtime acceptance
contracts/src/core/MarketRegistry.sol,contracts/core,Inventory and static-check scope; not per-file runtime acceptance
contracts/src/core/PerpModule.sol,contracts/core,Inventory and static-check scope; not per-file runtime acceptance
contracts/src/core/RiskModule.sol,contracts/core,Inventory and static-check scope; not per-file runtime acceptance
contracts/src/core/SenryoCore.sol,contracts/core,Inventory and static-check scope; not per-file runtime acceptance
contracts/src/core/TriggerOrders.sol,contracts/core,Inventory and static-check scope; not per-file runtime acceptance
contracts/src/interfaces/ISenryoCore.sol,contracts/interfaces,Inventory and static-check scope; not per-file runtime acceptance
contracts/src/libraries/Constants.sol,contracts/libraries,Inventory and static-check scope; not per-file runtime acceptance
contracts/src/libraries/Errors.sol,contracts/libraries,Inventory and static-check scope; not per-file runtime acceptance
contracts/src/libraries/Events.sol,contracts/libraries,Inventory and static-check scope; not per-file runtime acceptance
contracts/src/libraries/PerpMath.sol,contracts/libraries,Inventory and static-check scope; not per-file runtime acceptance
contracts/src/libraries/Types.sol,contracts/libraries,Inventory and static-check scope; not per-file runtime acceptance
contracts/src/lp/LpVault.sol,contracts/lp,Inventory and static-check scope; not per-file runtime acceptance
contracts/src/oracle/MarketCalendar.sol,contracts/oracle,Inventory and static-check scope; not per-file runtime acceptance
contracts/src/oracle/SessionOracle.sol,contracts/oracle,Inventory and static-check scope; not per-file runtime acceptance
contracts/src/oracle/interfaces/AggregatorV3Interface.sol,contracts/oracle,Inventory and static-check scope; not per-file runtime acceptance
contracts/src/oracle/interfaces/IMarketCalendar.sol,contracts/oracle,Inventory and static-check scope; not per-file runtime acceptance
contracts/src/oracle/interfaces/IPriceSource.sol,contracts/oracle,Inventory and static-check scope; not per-file runtime acceptance
contracts/src/periphery/CollateralSwapper.sol,contracts/periphery,Inventory and static-check scope; not per-file runtime acceptance
contracts/src/periphery/DepositInbox.sol,contracts/periphery,Inventory and static-check scope; not per-file runtime acceptance
contracts/src/periphery/InboxFactory.sol,contracts/periphery,Inventory and static-check scope; not per-file runtime acceptance
contracts/src/periphery/IntentRouter.sol,contracts/periphery,Inventory and static-check scope; not per-file runtime acceptance
contracts/src/periphery/StarterDrip.sol,contracts/periphery,Inventory and static-check scope; not per-file runtime acceptance
contracts/src/testnet/MirrorAggregator.sol,contracts/testnet,Inventory and static-check scope; not per-file runtime acceptance
contracts/src/testnet/MockAUSD.sol,contracts/testnet,Inventory and static-check scope; not per-file runtime acceptance
contracts/src/testnet/MockStable.sol,contracts/testnet,Inventory and static-check scope; not per-file runtime acceptance
contracts/src/testnet/MockUSDC.sol,contracts/testnet,Inventory and static-check scope; not per-file runtime acceptance
contracts/src/testnet/PracticeSwap.sol,contracts/testnet,Inventory and static-check scope; not per-file runtime acceptance
indexer/src/handlers/card.ts,indexer/handlers,Inventory and static-check scope; not per-file runtime acceptance
indexer/src/handlers/feeds.ts,indexer/handlers,Inventory and static-check scope; not per-file runtime acceptance
indexer/src/handlers/ledger.ts,indexer/handlers,Inventory and static-check scope; not per-file runtime acceptance
indexer/src/handlers/lp.ts,indexer/handlers,Inventory and static-check scope; not per-file runtime acceptance
indexer/src/handlers/oracle.ts,indexer/handlers,Inventory and static-check scope; not per-file runtime acceptance
indexer/src/handlers/periphery.ts,indexer/handlers,Inventory and static-check scope; not per-file runtime acceptance
indexer/src/handlers/perpl-accounts.ts,indexer/handlers,Inventory and static-check scope; not per-file runtime acceptance
indexer/src/handlers/perpl-fills.ts,indexer/handlers,Inventory and static-check scope; not per-file runtime acceptance
indexer/src/handlers/perpl-positions.ts,indexer/handlers,Inventory and static-check scope; not per-file runtime acceptance
indexer/src/handlers/positions.ts,indexer/handlers,Inventory and static-check scope; not per-file runtime acceptance
indexer/src/handlers/risk.ts,indexer/handlers,Inventory and static-check scope; not per-file runtime acceptance
indexer/src/lib/candles.ts,indexer/lib,Inventory and static-check scope; not per-file runtime acceptance
indexer/src/lib/card.ts,indexer/lib,Inventory and static-check scope; not per-file runtime acceptance
indexer/src/lib/constants.ts,indexer/lib,Inventory and static-check scope; not per-file runtime acceptance
indexer/src/lib/effects.ts,indexer/lib,Inventory and static-check scope; not per-file runtime acceptance
indexer/src/lib/env.ts,indexer/lib,Inventory and static-check scope; not per-file runtime acceptance
indexer/src/lib/feeds.ts,indexer/lib,Inventory and static-check scope; not per-file runtime acceptance
indexer/src/lib/markets.ts,indexer/lib,Inventory and static-check scope; not per-file runtime acceptance
indexer/src/lib/meta.ts,indexer/lib,Inventory and static-check scope; not per-file runtime acceptance
indexer/src/lib/perpl-math.ts,indexer/lib,Inventory and static-check scope; not per-file runtime acceptance
indexer/src/lib/perpl.ts,indexer/lib,Inventory and static-check scope; not per-file runtime acceptance
indexer/src/lib/stats.ts,indexer/lib,Inventory and static-check scope; not per-file runtime acceptance
indexer/src/lib/users.ts,indexer/lib,Inventory and static-check scope; not per-file runtime acceptance
packages/account/checks/constants.ts,packages/account,Inventory and static-check scope; not per-file runtime acceptance
packages/account/checks/derivation.check.ts,packages/account,Inventory and static-check scope; not per-file runtime acceptance
packages/account/checks/policy.check.ts,packages/account,Inventory and static-check scope; not per-file runtime acceptance
packages/account/checks/prefs.check.ts,packages/account,Inventory and static-check scope; not per-file runtime acceptance
packages/account/checks/session.check.ts,packages/account,Inventory and static-check scope; not per-file runtime acceptance
packages/account/checks/starter.check.ts,packages/account,Inventory and static-check scope; not per-file runtime acceptance
packages/account/src/ceremony.ts,packages/account,Inventory and static-check scope; not per-file runtime acceptance
packages/account/src/client.ts,packages/account,Inventory and static-check scope; not per-file runtime acceptance
packages/account/src/constants.ts,packages/account,Inventory and static-check scope; not per-file runtime acceptance
packages/account/src/copy.ts,packages/account,Inventory and static-check scope; not per-file runtime acceptance
packages/account/src/delegation.ts,packages/account,Inventory and static-check scope; not per-file runtime acceptance
packages/account/src/derive.ts,packages/account,Inventory and static-check scope; not per-file runtime acceptance
packages/account/src/errors.ts,packages/account,Inventory and static-check scope; not per-file runtime acceptance
packages/account/src/index.ts,packages/account,Inventory and static-check scope; not per-file runtime acceptance
packages/account/src/measure.ts,packages/account,Inventory and static-check scope; not per-file runtime acceptance
packages/account/src/platform/hint.ts,packages/account,Inventory and static-check scope; not per-file runtime acceptance
packages/account/src/platform/passkey.native.ts,packages/account,Inventory and static-check scope; not per-file runtime acceptance
packages/account/src/platform/passkey.web.ts,packages/account,Inventory and static-check scope; not per-file runtime acceptance
packages/account/src/platform/secret-store.native.ts,packages/account,Inventory and static-check scope; not per-file runtime acceptance
packages/account/src/platform/secret-store.web.ts,packages/account,Inventory and static-check scope; not per-file runtime acceptance
packages/account/src/platform/sync.native.ts,packages/account,Inventory and static-check scope; not per-file runtime acceptance
packages/account/src/platform/sync.web.ts,packages/account,Inventory and static-check scope; not per-file runtime acceptance
packages/account/src/platform/types.ts,packages/account,Inventory and static-check scope; not per-file runtime acceptance
packages/account/src/policy/decode.ts,packages/account,Inventory and static-check scope; not per-file runtime acceptance
packages/account/src/policy/evaluate.ts,packages/account,Inventory and static-check scope; not per-file runtime acceptance
packages/account/src/policy/targets.ts,packages/account,Inventory and static-check scope; not per-file runtime acceptance
packages/account/src/policy/typed-data.ts,packages/account,Inventory and static-check scope; not per-file runtime acceptance
packages/account/src/policy/types.ts,packages/account,Inventory and static-check scope; not per-file runtime acceptance
packages/account/src/prefs.ts,packages/account,Inventory and static-check scope; not per-file runtime acceptance
packages/account/src/recovery.ts,packages/account,Inventory and static-check scope; not per-file runtime acceptance
packages/account/src/session/chip.ts,packages/account,Inventory and static-check scope; not per-file runtime acceptance
packages/account/src/session/manager.ts,packages/account,Inventory and static-check scope; not per-file runtime acceptance
packages/account/src/session/queue.ts,packages/account,Inventory and static-check scope; not per-file runtime acceptance
packages/account/src/session/signer.ts,packages/account,Inventory and static-check scope; not per-file runtime acceptance
packages/account/src/starter/sign.ts,packages/account,Inventory and static-check scope; not per-file runtime acceptance
packages/account/src/starter/typed-data.ts,packages/account,Inventory and static-check scope; not per-file runtime acceptance
packages/api-client/src/client.ts,packages/api-client,Inventory and static-check scope; not per-file runtime acceptance
packages/api-client/src/constants.ts,packages/api-client,Inventory and static-check scope; not per-file runtime acceptance
packages/api-client/src/errors.ts,packages/api-client,Inventory and static-check scope; not per-file runtime acceptance
packages/api-client/src/index.ts,packages/api-client,Inventory and static-check scope; not per-file runtime acceptance
packages/api-client/src/primitives.ts,packages/api-client,Inventory and static-check scope; not per-file runtime acceptance
packages/api-client/src/routes/activity.ts,packages/api-client,Inventory and static-check scope; not per-file runtime acceptance
packages/api-client/src/routes/auth.ts,packages/api-client,Inventory and static-check scope; not per-file runtime acceptance
packages/api-client/src/routes/bridge.ts,packages/api-client,Inventory and static-check scope; not per-file runtime acceptance
packages/api-client/src/routes/card.ts,packages/api-client,Inventory and static-check scope; not per-file runtime acceptance
packages/api-client/src/routes/define.ts,packages/api-client,Inventory and static-check scope; not per-file runtime acceptance
packages/api-client/src/routes/engagement.ts,packages/api-client,Inventory and static-check scope; not per-file runtime acceptance
packages/api-client/src/routes/feed.ts,packages/api-client,Inventory and static-check scope; not per-file runtime acceptance
packages/api-client/src/routes/follow.ts,packages/api-client,Inventory and static-check scope; not per-file runtime acceptance
packages/api-client/src/routes/holders.ts,packages/api-client,Inventory and static-check scope; not per-file runtime acceptance
packages/api-client/src/routes/holdings.ts,packages/api-client,Inventory and static-check scope; not per-file runtime acceptance
packages/api-client/src/routes/inbox.ts,packages/api-client,Inventory and static-check scope; not per-file runtime acceptance
packages/api-client/src/routes/info.ts,packages/api-client,Inventory and static-check scope; not per-file runtime acceptance
packages/api-client/src/routes/leaderboard.ts,packages/api-client,Inventory and static-check scope; not per-file runtime acceptance
packages/api-client/src/routes/moderation.ts,packages/api-client,Inventory and static-check scope; not per-file runtime acceptance
packages/api-client/src/routes/notifications.ts,packages/api-client,Inventory and static-check scope; not per-file runtime acceptance
packages/api-client/src/routes/posts.ts,packages/api-client,Inventory and static-check scope; not per-file runtime acceptance
packages/api-client/src/routes/predictions.ts,packages/api-client,Inventory and static-check scope; not per-file runtime acceptance
packages/api-client/src/routes/profile.ts,packages/api-client,Inventory and static-check scope; not per-file runtime acceptance
packages/api-client/src/routes/starter.ts,packages/api-client,Inventory and static-check scope; not per-file runtime acceptance
packages/api-client/src/routes/storage.ts,packages/api-client,Inventory and static-check scope; not per-file runtime acceptance
packages/api-client/src/routes/swap.ts,packages/api-client,Inventory and static-check scope; not per-file runtime acceptance
packages/api-client/src/routes/trade.ts,packages/api-client,Inventory and static-check scope; not per-file runtime acceptance
packages/api-client/src/social.ts,packages/api-client,Inventory and static-check scope; not per-file runtime acceptance
packages/api-client/src/ws.ts,packages/api-client,Inventory and static-check scope; not per-file runtime acceptance
packages/chain/src/aggregator-swap.ts,packages/chain,Inventory and static-check scope; not per-file runtime acceptance
packages/chain/src/bridge-steps.ts,packages/chain,Inventory and static-check scope; not per-file runtime acceptance
packages/chain/src/calls.ts,packages/chain,Inventory and static-check scope; not per-file runtime acceptance
packages/chain/src/chains.ts,packages/chain,Inventory and static-check scope; not per-file runtime acceptance
packages/chain/src/clients.ts,packages/chain,Inventory and static-check scope; not per-file runtime acceptance
packages/chain/src/confirm.ts,packages/chain,Inventory and static-check scope; not per-file runtime acceptance
packages/chain/src/constants.ts,packages/chain,Inventory and static-check scope; not per-file runtime acceptance
packages/chain/src/contracts.ts,packages/chain,Inventory and static-check scope; not per-file runtime acceptance
packages/chain/src/discovery-reads.ts,packages/chain,Inventory and static-check scope; not per-file runtime acceptance
packages/chain/src/errors.ts,packages/chain,Inventory and static-check scope; not per-file runtime acceptance
packages/chain/src/fees.ts,packages/chain,Inventory and static-check scope; not per-file runtime acceptance
packages/chain/src/heads.ts,packages/chain,Inventory and static-check scope; not per-file runtime acceptance
packages/chain/src/index.ts,packages/chain,Inventory and static-check scope; not per-file runtime acceptance
packages/chain/src/journal.ts,packages/chain,Inventory and static-check scope; not per-file runtime acceptance
packages/chain/src/keeper-reads.ts,packages/chain,Inventory and static-check scope; not per-file runtime acceptance
packages/chain/src/lp-reads.ts,packages/chain,Inventory and static-check scope; not per-file runtime acceptance
packages/chain/src/market-reads.ts,packages/chain,Inventory and static-check scope; not per-file runtime acceptance
packages/chain/src/nonce.ts,packages/chain,Inventory and static-check scope; not per-file runtime acceptance
packages/chain/src/perpl/calls.ts,packages/chain,Inventory and static-check scope; not per-file runtime acceptance
packages/chain/src/perpl/fills.ts,packages/chain,Inventory and static-check scope; not per-file runtime acceptance
packages/chain/src/perpl/index.ts,packages/chain,Inventory and static-check scope; not per-file runtime acceptance
packages/chain/src/perpl/math.ts,packages/chain,Inventory and static-check scope; not per-file runtime acceptance
packages/chain/src/perpl/reads.ts,packages/chain,Inventory and static-check scope; not per-file runtime acceptance
packages/chain/src/perpl/simulate.ts,packages/chain,Inventory and static-check scope; not per-file runtime acceptance
packages/chain/src/pinned-read.ts,packages/chain,Inventory and static-check scope; not per-file runtime acceptance
packages/chain/src/portfolio.ts,packages/chain,Inventory and static-check scope; not per-file runtime acceptance
packages/chain/src/practice-swap.ts,packages/chain,Inventory and static-check scope; not per-file runtime acceptance
packages/chain/src/prediction-reads.ts,packages/chain,Inventory and static-check scope; not per-file runtime acceptance
packages/chain/src/reads.ts,packages/chain,Inventory and static-check scope; not per-file runtime acceptance
packages/chain/src/receipt-facts.ts,packages/chain,Inventory and static-check scope; not per-file runtime acceptance
packages/chain/src/recovery.ts,packages/chain,Inventory and static-check scope; not per-file runtime acceptance
packages/chain/src/send.ts,packages/chain,Inventory and static-check scope; not per-file runtime acceptance
packages/chain/src/signer.ts,packages/chain,Inventory and static-check scope; not per-file runtime acceptance
packages/chain/src/siwe.ts,packages/chain,Inventory and static-check scope; not per-file runtime acceptance
packages/chain/src/spot-swap.ts,packages/chain,Inventory and static-check scope; not per-file runtime acceptance
packages/chain/src/spot.ts,packages/chain,Inventory and static-check scope; not per-file runtime acceptance
packages/chain/src/token-reads.ts,packages/chain,Inventory and static-check scope; not per-file runtime acceptance
packages/chain/src/typed.ts,packages/chain,Inventory and static-check scope; not per-file runtime acceptance
packages/chain/src/uniswap.ts,packages/chain,Inventory and static-check scope; not per-file runtime acceptance
packages/chain/src/utils.ts,packages/chain,Inventory and static-check scope; not per-file runtime acceptance
packages/config/src/anyasset.ts,packages/config,Inventory and static-check scope; not per-file runtime acceptance
packages/config/src/bridges.ts,packages/config,Inventory and static-check scope; not per-file runtime acceptance
packages/config/src/discovery.ts,packages/config,Inventory and static-check scope; not per-file runtime acceptance
packages/config/src/env.ts,packages/config,Inventory and static-check scope; not per-file runtime acceptance
packages/config/src/gas.ts,packages/config,Inventory and static-check scope; not per-file runtime acceptance
packages/config/src/hosts.ts,packages/config,Inventory and static-check scope; not per-file runtime acceptance
packages/config/src/inbox.ts,packages/config,Inventory and static-check scope; not per-file runtime acceptance
packages/config/src/index.ts,packages/config,Inventory and static-check scope; not per-file runtime acceptance
packages/config/src/legal.ts,packages/config,Inventory and static-check scope; not per-file runtime acceptance
packages/config/src/markets.ts,packages/config,Inventory and static-check scope; not per-file runtime acceptance
packages/config/src/networks.ts,packages/config,Inventory and static-check scope; not per-file runtime acceptance
packages/config/src/perpl-exchange.ts,packages/config,Inventory and static-check scope; not per-file runtime acceptance
packages/config/src/perpl.ts,packages/config,Inventory and static-check scope; not per-file runtime acceptance
packages/config/src/predictions.ts,packages/config,Inventory and static-check scope; not per-file runtime acceptance
packages/config/src/spot.ts,packages/config,Inventory and static-check scope; not per-file runtime acceptance
packages/contracts/src/abis/accessManagerAbi.ts,packages/contracts,Inventory and static-check scope; not per-file runtime acceptance
packages/contracts/src/abis/aggregatorV3InterfaceAbi.ts,packages/contracts,Inventory and static-check scope; not per-file runtime acceptance
packages/contracts/src/abis/collateralSwapperAbi.ts,packages/contracts,Inventory and static-check scope; not per-file runtime acceptance
packages/contracts/src/abis/depositInboxAbi.ts,packages/contracts,Inventory and static-check scope; not per-file runtime acceptance
packages/contracts/src/abis/inboxFactoryAbi.ts,packages/contracts,Inventory and static-check scope; not per-file runtime acceptance
packages/contracts/src/abis/index.ts,packages/contracts,Inventory and static-check scope; not per-file runtime acceptance
packages/contracts/src/abis/intentRouterAbi.ts,packages/contracts,Inventory and static-check scope; not per-file runtime acceptance
packages/contracts/src/abis/lpVaultAbi.ts,packages/contracts,Inventory and static-check scope; not per-file runtime acceptance
packages/contracts/src/abis/marketCalendarAbi.ts,packages/contracts,Inventory and static-check scope; not per-file runtime acceptance
packages/contracts/src/abis/mirrorAggregatorAbi.ts,packages/contracts,Inventory and static-check scope; not per-file runtime acceptance
packages/contracts/src/abis/mockAUSDAbi.ts,packages/contracts,Inventory and static-check scope; not per-file runtime acceptance
packages/contracts/src/abis/mockUSDCAbi.ts,packages/contracts,Inventory and static-check scope; not per-file runtime acceptance
packages/contracts/src/abis/practiceSwapAbi.ts,packages/contracts,Inventory and static-check scope; not per-file runtime acceptance
packages/contracts/src/abis/senryoCoreAbi.ts,packages/contracts,Inventory and static-check scope; not per-file runtime acceptance
packages/contracts/src/abis/sessionOracleAbi.ts,packages/contracts,Inventory and static-check scope; not per-file runtime acceptance
packages/contracts/src/abis/starterDripAbi.ts,packages/contracts,Inventory and static-check scope; not per-file runtime acceptance
packages/contracts/src/addresses/index.ts,packages/contracts,Inventory and static-check scope; not per-file runtime acceptance
packages/contracts/src/external/abis/perplExchangeAbi.ts,packages/contracts,Inventory and static-check scope; not per-file runtime acceptance
packages/contracts/src/external/index.ts,packages/contracts,Inventory and static-check scope; not per-file runtime acceptance
packages/contracts/src/index.ts,packages/contracts,Inventory and static-check scope; not per-file runtime acceptance
packages/core/src/address.ts,packages/core,Inventory and static-check scope; not per-file runtime acceptance
packages/core/src/blockers.ts,packages/core,Inventory and static-check scope; not per-file runtime acceptance
packages/core/src/impact.ts,packages/core,Inventory and static-check scope; not per-file runtime acceptance
packages/core/src/index.ts,packages/core,Inventory and static-check scope; not per-file runtime acceptance
packages/core/src/lifecycle.ts,packages/core,Inventory and static-check scope; not per-file runtime acceptance
packages/core/src/money/format.ts,packages/core,Inventory and static-check scope; not per-file runtime acceptance
packages/core/src/money/parse.ts,packages/core,Inventory and static-check scope; not per-file runtime acceptance
packages/core/src/money/units.ts,packages/core,Inventory and static-check scope; not per-file runtime acceptance
packages/core/src/reading.ts,packages/core,Inventory and static-check scope; not per-file runtime acceptance
packages/core/src/risk/calendar.ts,packages/core,Inventory and static-check scope; not per-file runtime acceptance
packages/core/src/risk/constants.ts,packages/core,Inventory and static-check scope; not per-file runtime acceptance
packages/core/src/risk/math.ts,packages/core,Inventory and static-check scope; not per-file runtime acceptance
packages/core/src/risk/preview.ts,packages/core,Inventory and static-check scope; not per-file runtime acceptance
packages/core/src/risk/rates.ts,packages/core,Inventory and static-check scope; not per-file runtime acceptance
packages/core/src/typed-data.ts,packages/core,Inventory and static-check scope; not per-file runtime acceptance
packages/identity/scripts/arcs.ts,packages/identity,Inventory and static-check scope; not per-file runtime acceptance
packages/identity/scripts/catalog.ts,packages/identity,Inventory and static-check scope; not per-file runtime acceptance
packages/identity/scripts/codegen.ts,packages/identity,Inventory and static-check scope; not per-file runtime acceptance
packages/identity/scripts/fetch-commons.ts,packages/identity,Inventory and static-check scope; not per-file runtime acceptance
packages/identity/scripts/fetch-lib.ts,packages/identity,Inventory and static-check scope; not per-file runtime acceptance
packages/identity/scripts/fetch-marks.ts,packages/identity,Inventory and static-check scope; not per-file runtime acceptance
packages/identity/scripts/svg-pipeline.ts,packages/identity,Inventory and static-check scope; not per-file runtime acceptance
packages/identity/src/art/auth.ts,packages/identity,Inventory and static-check scope; not per-file runtime acceptance
packages/identity/src/art/exchanges.ts,packages/identity,Inventory and static-check scope; not per-file runtime acceptance
packages/identity/src/art/flags.ts,packages/identity,Inventory and static-check scope; not per-file runtime acceptance
packages/identity/src/art/index.ts,packages/identity,Inventory and static-check scope; not per-file runtime acceptance
packages/identity/src/art/networks.ts,packages/identity,Inventory and static-check scope; not per-file runtime acceptance
packages/identity/src/art/onboarding.ts,packages/identity,Inventory and static-check scope; not per-file runtime acceptance
packages/identity/src/art/originals.ts,packages/identity,Inventory and static-check scope; not per-file runtime acceptance
packages/identity/src/art/providers.ts,packages/identity,Inventory and static-check scope; not per-file runtime acceptance
packages/identity/src/constants.ts,packages/identity,Inventory and static-check scope; not per-file runtime acceptance
packages/identity/src/derive.ts,packages/identity,Inventory and static-check scope; not per-file runtime acceptance
packages/identity/src/entities.ts,packages/identity,Inventory and static-check scope; not per-file runtime acceptance
packages/identity/src/ids.ts,packages/identity,Inventory and static-check scope; not per-file runtime acceptance
packages/identity/src/index.ts,packages/identity,Inventory and static-check scope; not per-file runtime acceptance
packages/identity/src/labels.ts,packages/identity,Inventory and static-check scope; not per-file runtime acceptance
packages/identity/src/lookup.ts,packages/identity,Inventory and static-check scope; not per-file runtime acceptance
packages/identity/src/native/EntityGlyph.tsx,packages/identity,Inventory and static-check scope; not per-file runtime acceptance
packages/identity/src/native/EntityMark.tsx,packages/identity,Inventory and static-check scope; not per-file runtime acceptance
packages/identity/src/native/assets.d.ts,packages/identity,Inventory and static-check scope; not per-file runtime acceptance
packages/identity/src/native/index.ts,packages/identity,Inventory and static-check scope; not per-file runtime acceptance
packages/identity/src/registry.ts,packages/identity,Inventory and static-check scope; not per-file runtime acceptance
packages/identity/src/theme.ts,packages/identity,Inventory and static-check scope; not per-file runtime acceptance
packages/identity/src/types.ts,packages/identity,Inventory and static-check scope; not per-file runtime acceptance
packages/identity/src/web/EntityGlyph.tsx,packages/identity,Inventory and static-check scope; not per-file runtime acceptance
packages/identity/src/web/EntityMark.tsx,packages/identity,Inventory and static-check scope; not per-file runtime acceptance
packages/identity/src/web/assets.d.ts,packages/identity,Inventory and static-check scope; not per-file runtime acceptance
packages/identity/src/web/index.ts,packages/identity,Inventory and static-check scope; not per-file runtime acceptance
packages/identity/src/web/passkey.ts,packages/identity,Inventory and static-check scope; not per-file runtime acceptance
packages/identity/src/web/theme.ts,packages/identity,Inventory and static-check scope; not per-file runtime acceptance
packages/indexer-client/scripts/smoke.ts,packages/indexer-client,Inventory and static-check scope; not per-file runtime acceptance
packages/indexer-client/src/client.ts,packages/indexer-client,Inventory and static-check scope; not per-file runtime acceptance
packages/indexer-client/src/constants.ts,packages/indexer-client,Inventory and static-check scope; not per-file runtime acceptance
packages/indexer-client/src/documents/fragments.ts,packages/indexer-client,Inventory and static-check scope; not per-file runtime acceptance
packages/indexer-client/src/documents/history.ts,packages/indexer-client,Inventory and static-check scope; not per-file runtime acceptance
packages/indexer-client/src/documents/lp-requests.ts,packages/indexer-client,Inventory and static-check scope; not per-file runtime acceptance
packages/indexer-client/src/documents/market-data.ts,packages/indexer-client,Inventory and static-check scope; not per-file runtime acceptance
packages/indexer-client/src/documents/portfolio.ts,packages/indexer-client,Inventory and static-check scope; not per-file runtime acceptance
packages/indexer-client/src/documents/social.ts,packages/indexer-client,Inventory and static-check scope; not per-file runtime acceptance
packages/indexer-client/src/documents/stats.ts,packages/indexer-client,Inventory and static-check scope; not per-file runtime acceptance
packages/indexer-client/src/documents/triggers.ts,packages/indexer-client,Inventory and static-check scope; not per-file runtime acceptance
packages/indexer-client/src/index.ts,packages/indexer-client,Inventory and static-check scope; not per-file runtime acceptance
packages/indexer-client/src/scalars.ts,packages/indexer-client,Inventory and static-check scope; not per-file runtime acceptance
packages/query/src/account.ts,packages/query,Inventory and static-check scope; not per-file runtime acceptance
packages/query/src/activity-feed.ts,packages/query,Inventory and static-check scope; not per-file runtime acceptance
packages/query/src/activity-journal.ts,packages/query,Inventory and static-check scope; not per-file runtime acceptance
packages/query/src/activity-wallet.ts,packages/query,Inventory and static-check scope; not per-file runtime acceptance
packages/query/src/anyasset.ts,packages/query,Inventory and static-check scope; not per-file runtime acceptance
packages/query/src/arrivals.ts,packages/query,Inventory and static-check scope; not per-file runtime acceptance
packages/query/src/capabilities.ts,packages/query,Inventory and static-check scope; not per-file runtime acceptance
packages/query/src/card.ts,packages/query,Inventory and static-check scope; not per-file runtime acceptance
packages/query/src/collateral.ts,packages/query,Inventory and static-check scope; not per-file runtime acceptance
packages/query/src/compose.ts,packages/query,Inventory and static-check scope; not per-file runtime acceptance
packages/query/src/constants.ts,packages/query,Inventory and static-check scope; not per-file runtime acceptance
packages/query/src/deposit-addresses.ts,packages/query,Inventory and static-check scope; not per-file runtime acceptance
packages/query/src/discovery-feeds.ts,packages/query,Inventory and static-check scope; not per-file runtime acceptance
packages/query/src/discovery-perpl.ts,packages/query,Inventory and static-check scope; not per-file runtime acceptance
packages/query/src/discovery-types.ts,packages/query,Inventory and static-check scope; not per-file runtime acceptance
packages/query/src/discovery.ts,packages/query,Inventory and static-check scope; not per-file runtime acceptance
packages/query/src/env.tsx,packages/query,Inventory and static-check scope; not per-file runtime acceptance
packages/query/src/gas.ts,packages/query,Inventory and static-check scope; not per-file runtime acceptance
packages/query/src/geo.ts,packages/query,Inventory and static-check scope; not per-file runtime acceptance
packages/query/src/inbox.ts,packages/query,Inventory and static-check scope; not per-file runtime acceptance
packages/query/src/index.ts,packages/query,Inventory and static-check scope; not per-file runtime acceptance
packages/query/src/keys.ts,packages/query,Inventory and static-check scope; not per-file runtime acceptance
packages/query/src/lp-requests.ts,packages/query,Inventory and static-check scope; not per-file runtime acceptance
packages/query/src/lp.ts,packages/query,Inventory and static-check scope; not per-file runtime acceptance
packages/query/src/markets.ts,packages/query,Inventory and static-check scope; not per-file runtime acceptance
packages/query/src/money-assets.ts,packages/query,Inventory and static-check scope; not per-file runtime acceptance
packages/query/src/money-operation.ts,packages/query,Inventory and static-check scope; not per-file runtime acceptance
packages/query/src/money-requests.ts,packages/query,Inventory and static-check scope; not per-file runtime acceptance
packages/query/src/notifications.ts,packages/query,Inventory and static-check scope; not per-file runtime acceptance
packages/query/src/operation-progress.ts,packages/query,Inventory and static-check scope; not per-file runtime acceptance
packages/query/src/operations.ts,packages/query,Inventory and static-check scope; not per-file runtime acceptance
packages/query/src/orders.ts,packages/query,Inventory and static-check scope; not per-file runtime acceptance
packages/query/src/pay-with.ts,packages/query,Inventory and static-check scope; not per-file runtime acceptance
packages/query/src/perpl-plan.ts,packages/query,Inventory and static-check scope; not per-file runtime acceptance
packages/query/src/perpl.ts,packages/query,Inventory and static-check scope; not per-file runtime acceptance
packages/query/src/pool-deposit.ts,packages/query,Inventory and static-check scope; not per-file runtime acceptance
packages/query/src/portfolio.ts,packages/query,Inventory and static-check scope; not per-file runtime acceptance
packages/query/src/practice-swap.ts,packages/query,Inventory and static-check scope; not per-file runtime acceptance
packages/query/src/predictions.ts,packages/query,Inventory and static-check scope; not per-file runtime acceptance
packages/query/src/price-store.ts,packages/query,Inventory and static-check scope; not per-file runtime acceptance
packages/query/src/reading.ts,packages/query,Inventory and static-check scope; not per-file runtime acceptance
packages/query/src/recipients.ts,packages/query,Inventory and static-check scope; not per-file runtime acceptance
packages/query/src/social-feed.ts,packages/query,Inventory and static-check scope; not per-file runtime acceptance
packages/query/src/social-holders.ts,packages/query,Inventory and static-check scope; not per-file runtime acceptance
packages/query/src/social-posts.ts,packages/query,Inventory and static-check scope; not per-file runtime acceptance
packages/query/src/social.ts,packages/query,Inventory and static-check scope; not per-file runtime acceptance
packages/query/src/socket.ts,packages/query,Inventory and static-check scope; not per-file runtime acceptance
packages/query/src/spot-candles.ts,packages/query,Inventory and static-check scope; not per-file runtime acceptance
packages/query/src/spot-stats.ts,packages/query,Inventory and static-check scope; not per-file runtime acceptance
packages/query/src/spot.ts,packages/query,Inventory and static-check scope; not per-file runtime acceptance
packages/query/src/starter.ts,packages/query,Inventory and static-check scope; not per-file runtime acceptance
packages/query/src/ticket-pay.ts,packages/query,Inventory and static-check scope; not per-file runtime acceptance
packages/query/src/trace.ts,packages/query,Inventory and static-check scope; not per-file runtime acceptance
packages/query/src/triggers.ts,packages/query,Inventory and static-check scope; not per-file runtime acceptance
packages/query/src/wallet.ts,packages/query,Inventory and static-check scope; not per-file runtime acceptance
packages/query/src/withdraw.ts,packages/query,Inventory and static-check scope; not per-file runtime acceptance
packages/tokens/scripts/emit-css.ts,packages/tokens,Inventory and static-check scope; not per-file runtime acceptance
packages/tokens/src/fonts.ts,packages/tokens,Inventory and static-check scope; not per-file runtime acceptance
packages/tokens/src/index.ts,packages/tokens,Inventory and static-check scope; not per-file runtime acceptance
packages/tokens/src/marks.ts,packages/tokens,Inventory and static-check scope; not per-file runtime acceptance
packages/tokens/src/palette.ts,packages/tokens,Inventory and static-check scope; not per-file runtime acceptance
packages/tokens/src/scale.ts,packages/tokens,Inventory and static-check scope; not per-file runtime acceptance
packages/tokens/src/tokens.css,packages/tokens,Inventory and static-check scope; not per-file runtime acceptance
services/api/scripts/anyasset-harness.ts,services/api,Inventory and static-check scope; not per-file runtime acceptance
services/api/scripts/mock-indexer.ts,services/api,Inventory and static-check scope; not per-file runtime acceptance
services/api/scripts/notify-check.ts,services/api,Inventory and static-check scope; not per-file runtime acceptance
services/api/scripts/notify-checks/delivery.ts,services/api,Inventory and static-check scope; not per-file runtime acceptance
services/api/scripts/notify-checks/followed-delivery.ts,services/api,Inventory and static-check scope; not per-file runtime acceptance
services/api/scripts/notify-checks/inbox.ts,services/api,Inventory and static-check scope; not per-file runtime acceptance
services/api/scripts/notify-checks/tokens.ts,services/api,Inventory and static-check scope; not per-file runtime acceptance
services/api/scripts/predictions-check.ts,services/api,Inventory and static-check scope; not per-file runtime acceptance
services/api/scripts/social-check.ts,services/api,Inventory and static-check scope; not per-file runtime acceptance
services/api/scripts/social-checks/constants.ts,services/api,Inventory and static-check scope; not per-file runtime acceptance
services/api/scripts/social-checks/delete-data.ts,services/api,Inventory and static-check scope; not per-file runtime acceptance
services/api/scripts/social-checks/feed.ts,services/api,Inventory and static-check scope; not per-file runtime acceptance
services/api/scripts/social-checks/holders.ts,services/api,Inventory and static-check scope; not per-file runtime acceptance
services/api/scripts/social-checks/identity.ts,services/api,Inventory and static-check scope; not per-file runtime acceptance
services/api/scripts/social-checks/leaderboard-math.ts,services/api,Inventory and static-check scope; not per-file runtime acceptance
services/api/scripts/social-checks/leaderboard.ts,services/api,Inventory and static-check scope; not per-file runtime acceptance
services/api/scripts/social-checks/moderation.ts,services/api,Inventory and static-check scope; not per-file runtime acceptance
services/api/scripts/social-checks/seed.ts,services/api,Inventory and static-check scope; not per-file runtime acceptance
services/api/scripts/social-checks/trade-posts.ts,services/api,Inventory and static-check scope; not per-file runtime acceptance
services/api/scripts/social-harness.ts,services/api,Inventory and static-check scope; not per-file runtime acceptance
services/api/src/anyasset/aggregators.ts,services/api,Inventory and static-check scope; not per-file runtime acceptance
services/api/src/anyasset/alchemy.ts,services/api,Inventory and static-check scope; not per-file runtime acceptance
services/api/src/anyasset/bridge/across.ts,services/api,Inventory and static-check scope; not per-file runtime acceptance
services/api/src/anyasset/bridge/aurora.ts,services/api,Inventory and static-check scope; not per-file runtime acceptance
services/api/src/anyasset/bridge/cctp.ts,services/api,Inventory and static-check scope; not per-file runtime acceptance
services/api/src/anyasset/bridge/deposit-address.ts,services/api,Inventory and static-check scope; not per-file runtime acceptance
services/api/src/anyasset/bridge/lifi.ts,services/api,Inventory and static-check scope; not per-file runtime acceptance
services/api/src/anyasset/bridge/relay.ts,services/api,Inventory and static-check scope; not per-file runtime acceptance
services/api/src/anyasset/bridge/service.ts,services/api,Inventory and static-check scope; not per-file runtime acceptance
services/api/src/anyasset/bridge/types.ts,services/api,Inventory and static-check scope; not per-file runtime acceptance
services/api/src/anyasset/constants.ts,services/api,Inventory and static-check scope; not per-file runtime acceptance
services/api/src/anyasset/gecko.ts,services/api,Inventory and static-check scope; not per-file runtime acceptance
services/api/src/anyasset/holdings.ts,services/api,Inventory and static-check scope; not per-file runtime acceptance
services/api/src/anyasset/hypersync-pages.ts,services/api,Inventory and static-check scope; not per-file runtime acceptance
services/api/src/anyasset/hypersync.ts,services/api,Inventory and static-check scope; not per-file runtime acceptance
services/api/src/anyasset/reference.ts,services/api,Inventory and static-check scope; not per-file runtime acceptance
services/api/src/anyasset/runtime.ts,services/api,Inventory and static-check scope; not per-file runtime acceptance
services/api/src/anyasset/swap-quote.ts,services/api,Inventory and static-check scope; not per-file runtime acceptance
services/api/src/anyasset/token-list.ts,services/api,Inventory and static-check scope; not per-file runtime acceptance
services/api/src/anyasset/token-meta.ts,services/api,Inventory and static-check scope; not per-file runtime acceptance
services/api/src/anyasset/upstream.ts,services/api,Inventory and static-check scope; not per-file runtime acceptance
services/api/src/anyasset/wallet-activity.ts,services/api,Inventory and static-check scope; not per-file runtime acceptance
services/api/src/anyasset/wallet-fold.ts,services/api,Inventory and static-check scope; not per-file runtime acceptance
services/api/src/anyasset/wallet-store.ts,services/api,Inventory and static-check scope; not per-file runtime acceptance
services/api/src/buckets.ts,services/api,Inventory and static-check scope; not per-file runtime acceptance
services/api/src/constants.ts,services/api,Inventory and static-check scope; not per-file runtime acceptance
services/api/src/context.ts,services/api,Inventory and static-check scope; not per-file runtime acceptance
services/api/src/env.ts,services/api,Inventory and static-check scope; not per-file runtime acceptance
services/api/src/geo-db.ts,services/api,Inventory and static-check scope; not per-file runtime acceptance
services/api/src/geo.ts,services/api,Inventory and static-check scope; not per-file runtime acceptance
services/api/src/indexer.ts,services/api,Inventory and static-check scope; not per-file runtime acceptance
services/api/src/main.ts,services/api,Inventory and static-check scope; not per-file runtime acceptance
services/api/src/predictions/castora.ts,services/api,Inventory and static-check scope; not per-file runtime acceptance
services/api/src/predictions/polymarket.ts,services/api,Inventory and static-check scope; not per-file runtime acceptance
services/api/src/routes/anyasset.ts,services/api,Inventory and static-check scope; not per-file runtime acceptance
services/api/src/routes/auth.ts,services/api,Inventory and static-check scope; not per-file runtime acceptance
services/api/src/routes/engagement.ts,services/api,Inventory and static-check scope; not per-file runtime acceptance
services/api/src/routes/follow.ts,services/api,Inventory and static-check scope; not per-file runtime acceptance
services/api/src/routes/holders.ts,services/api,Inventory and static-check scope; not per-file runtime acceptance
services/api/src/routes/inbox.ts,services/api,Inventory and static-check scope; not per-file runtime acceptance
services/api/src/routes/info.ts,services/api,Inventory and static-check scope; not per-file runtime acceptance
services/api/src/routes/leaderboard.ts,services/api,Inventory and static-check scope; not per-file runtime acceptance
services/api/src/routes/moderation.ts,services/api,Inventory and static-check scope; not per-file runtime acceptance
services/api/src/routes/notifications.ts,services/api,Inventory and static-check scope; not per-file runtime acceptance
services/api/src/routes/posts.ts,services/api,Inventory and static-check scope; not per-file runtime acceptance
services/api/src/routes/predictions.ts,services/api,Inventory and static-check scope; not per-file runtime acceptance
services/api/src/routes/profile.ts,services/api,Inventory and static-check scope; not per-file runtime acceptance
services/api/src/routes/starter.ts,services/api,Inventory and static-check scope; not per-file runtime acceptance
services/api/src/routes/storage.ts,services/api,Inventory and static-check scope; not per-file runtime acceptance
services/api/src/routes/topup.ts,services/api,Inventory and static-check scope; not per-file runtime acceptance
services/api/src/single-flight.ts,services/api,Inventory and static-check scope; not per-file runtime acceptance
services/api/src/social/constants.ts,services/api,Inventory and static-check scope; not per-file runtime acceptance
services/api/src/social/delete-data.ts,services/api,Inventory and static-check scope; not per-file runtime acceptance
services/api/src/social/feed-poller.ts,services/api,Inventory and static-check scope; not per-file runtime acceptance
services/api/src/social/feed.ts,services/api,Inventory and static-check scope; not per-file runtime acceptance
services/api/src/social/follows.ts,services/api,Inventory and static-check scope; not per-file runtime acceptance
services/api/src/social/holders.ts,services/api,Inventory and static-check scope; not per-file runtime acceptance
services/api/src/social/indexer-source.ts,services/api,Inventory and static-check scope; not per-file runtime acceptance
services/api/src/social/leaderboard-math.ts,services/api,Inventory and static-check scope; not per-file runtime acceptance
services/api/src/social/leaderboard.ts,services/api,Inventory and static-check scope; not per-file runtime acceptance
services/api/src/social/moderation.ts,services/api,Inventory and static-check scope; not per-file runtime acceptance
services/api/src/social/notify.ts,services/api,Inventory and static-check scope; not per-file runtime acceptance
services/api/src/social/posts.ts,services/api,Inventory and static-check scope; not per-file runtime acceptance
services/api/src/social/profiles.ts,services/api,Inventory and static-check scope; not per-file runtime acceptance
services/api/src/social/relations.ts,services/api,Inventory and static-check scope; not per-file runtime acceptance
services/api/src/social/reports.ts,services/api,Inventory and static-check scope; not per-file runtime acceptance
services/api/src/social/runtime.ts,services/api,Inventory and static-check scope; not per-file runtime acceptance
services/api/src/social/search.ts,services/api,Inventory and static-check scope; not per-file runtime acceptance
services/api/src/social/shared.ts,services/api,Inventory and static-check scope; not per-file runtime acceptance
services/api/src/social/trade-posts.ts,services/api,Inventory and static-check scope; not per-file runtime acceptance
services/api/src/starter.ts,services/api,Inventory and static-check scope; not per-file runtime acceptance
services/api/src/topup.ts,services/api,Inventory and static-check scope; not per-file runtime acceptance
services/api/src/ws.ts,services/api,Inventory and static-check scope; not per-file runtime acceptance
services/card/scripts/event-amount-check.ts,services/card,Inventory and static-check scope; not per-file runtime acceptance
services/card/scripts/lithic-setup.ts,services/card,Inventory and static-check scope; not per-file runtime acceptance
services/card/src/amounts.ts,services/card,Inventory and static-check scope; not per-file runtime acceptance
services/card/src/asa.ts,services/card,Inventory and static-check scope; not per-file runtime acceptance
services/card/src/constants.ts,services/card,Inventory and static-check scope; not per-file runtime acceptance
services/card/src/context.ts,services/card,Inventory and static-check scope; not per-file runtime acceptance
services/card/src/decline.ts,services/card,Inventory and static-check scope; not per-file runtime acceptance
services/card/src/env.ts,services/card,Inventory and static-check scope; not per-file runtime acceptance
services/card/src/events.ts,services/card,Inventory and static-check scope; not per-file runtime acceptance
services/card/src/ledger.ts,services/card,Inventory and static-check scope; not per-file runtime acceptance
services/card/src/lithic/api.ts,services/card,Inventory and static-check scope; not per-file runtime acceptance
services/card/src/lithic/event-amount.ts,services/card,Inventory and static-check scope; not per-file runtime acceptance
services/card/src/lithic/schemas.ts,services/card,Inventory and static-check scope; not per-file runtime acceptance
services/card/src/lithic/signature.ts,services/card,Inventory and static-check scope; not per-file runtime acceptance
services/card/src/main.ts,services/card,Inventory and static-check scope; not per-file runtime acceptance
services/card/src/notify.ts,services/card,Inventory and static-check scope; not per-file runtime acceptance
services/card/src/operator-check.ts,services/card,Inventory and static-check scope; not per-file runtime acceptance
services/card/src/outbox.ts,services/card,Inventory and static-check scope; not per-file runtime acceptance
services/card/src/reserve.ts,services/card,Inventory and static-check scope; not per-file runtime acceptance
services/card/src/routes/app.ts,services/card,Inventory and static-check scope; not per-file runtime acceptance
services/card/src/routes/issue.ts,services/card,Inventory and static-check scope; not per-file runtime acceptance
services/card/src/routes/kit.ts,services/card,Inventory and static-check scope; not per-file runtime acceptance
services/card/src/routes/lithic.ts,services/card,Inventory and static-check scope; not per-file runtime acceptance
services/card/src/routes/simulate.ts,services/card,Inventory and static-check scope; not per-file runtime acceptance
services/card/src/routes/summary.ts,services/card,Inventory and static-check scope; not per-file runtime acceptance
services/card/src/settle.ts,services/card,Inventory and static-check scope; not per-file runtime acceptance
services/card/src/submit.ts,services/card,Inventory and static-check scope; not per-file runtime acceptance
services/common/migrations/0001_card_ledger.ts,services/common,Inventory and static-check scope; not per-file runtime acceptance
services/common/migrations/0002_api.ts,services/common,Inventory and static-check scope; not per-file runtime acceptance
services/common/migrations/0003_cards.ts,services/common,Inventory and static-check scope; not per-file runtime acceptance
services/common/migrations/0004_starter_topup.ts,services/common,Inventory and static-check scope; not per-file runtime acceptance
services/common/migrations/0005_social.ts,services/common,Inventory and static-check scope; not per-file runtime acceptance
services/common/migrations/0006_inbox_watches.ts,services/common,Inventory and static-check scope; not per-file runtime acceptance
services/common/migrations/0007_social_feed.ts,services/common,Inventory and static-check scope; not per-file runtime acceptance
services/common/migrations/0008_push_tickets.ts,services/common,Inventory and static-check scope; not per-file runtime acceptance
services/common/migrations/0009_notification_inbox.ts,services/common,Inventory and static-check scope; not per-file runtime acceptance
services/common/migrations/0010_card_issue.ts,services/common,Inventory and static-check scope; not per-file runtime acceptance
services/common/migrations/0011_trade_posts.ts,services/common,Inventory and static-check scope; not per-file runtime acceptance
services/common/migrations/0012_card_outbox_reconcile.ts,services/common,Inventory and static-check scope; not per-file runtime acceptance
services/common/migrations/0013_wallet_transfers.ts,services/common,Inventory and static-check scope; not per-file runtime acceptance
services/common/scripts/bundle.mjs,services/common,Inventory and static-check scope; not per-file runtime acceptance
services/common/src/constants.ts,services/common,Inventory and static-check scope; not per-file runtime acceptance
services/common/src/db.ts,services/common,Inventory and static-check scope; not per-file runtime acceptance
services/common/src/env.ts,services/common,Inventory and static-check scope; not per-file runtime acceptance
services/common/src/expo.ts,services/common,Inventory and static-check scope; not per-file runtime acceptance
services/common/src/http.ts,services/common,Inventory and static-check scope; not per-file runtime acceptance
services/common/src/inbox.ts,services/common,Inventory and static-check scope; not per-file runtime acceptance
services/common/src/index.ts,services/common,Inventory and static-check scope; not per-file runtime acceptance
services/common/src/keys.ts,services/common,Inventory and static-check scope; not per-file runtime acceptance
services/common/src/latency.ts,services/common,Inventory and static-check scope; not per-file runtime acceptance
services/common/src/logger.ts,services/common,Inventory and static-check scope; not per-file runtime acceptance
services/common/src/migrate-cli.ts,services/common,Inventory and static-check scope; not per-file runtime acceptance
services/common/src/notifications.ts,services/common,Inventory and static-check scope; not per-file runtime acceptance
services/common/src/push-delivery.ts,services/common,Inventory and static-check scope; not per-file runtime acceptance
services/common/src/session.ts,services/common,Inventory and static-check scope; not per-file runtime acceptance
services/common/src/social-visibility.ts,services/common,Inventory and static-check scope; not per-file runtime acceptance
services/keeper/scripts/sweep-check.ts,services/keeper,Inventory and static-check scope; not per-file runtime acceptance
services/keeper/src/constants.ts,services/keeper,Inventory and static-check scope; not per-file runtime acceptance
services/keeper/src/context.ts,services/keeper,Inventory and static-check scope; not per-file runtime acceptance
services/keeper/src/env.ts,services/keeper,Inventory and static-check scope; not per-file runtime acceptance
services/keeper/src/fills.ts,services/keeper,Inventory and static-check scope; not per-file runtime acceptance
services/keeper/src/indexer-documents.ts,services/keeper,Inventory and static-check scope; not per-file runtime acceptance
services/keeper/src/jobs/liquidate.ts,services/keeper,Inventory and static-check scope; not per-file runtime acceptance
services/keeper/src/jobs/maintenance.ts,services/keeper,Inventory and static-check scope; not per-file runtime acceptance
services/keeper/src/jobs/oracle.ts,services/keeper,Inventory and static-check scope; not per-file runtime acceptance
services/keeper/src/jobs/pushes.ts,services/keeper,Inventory and static-check scope; not per-file runtime acceptance
services/keeper/src/jobs/receipts.ts,services/keeper,Inventory and static-check scope; not per-file runtime acceptance
services/keeper/src/jobs/retention.ts,services/keeper,Inventory and static-check scope; not per-file runtime acceptance
services/keeper/src/jobs/sweeps.ts,services/keeper,Inventory and static-check scope; not per-file runtime acceptance
services/keeper/src/jobs/watch.ts,services/keeper,Inventory and static-check scope; not per-file runtime acceptance
services/keeper/src/main.ts,services/keeper,Inventory and static-check scope; not per-file runtime acceptance
services/keeper/src/notify.ts,services/keeper,Inventory and static-check scope; not per-file runtime acceptance
services/keeper/src/push-messages.ts,services/keeper,Inventory and static-check scope; not per-file runtime acceptance
services/keeper/src/runner.ts,services/keeper,Inventory and static-check scope; not per-file runtime acceptance
services/keeper/src/sources.ts,services/keeper,Inventory and static-check scope; not per-file runtime acceptance
